timestamp,latency_ms
2025-03-19 20:59:10,596.386
2025-03-19 20:59:11,580.275
2025-03-19 20:59:12,551.937
2025-03-19 20:59:13,512.61
2025-03-19 20:59:14,464.013
2025-03-19 20:59:15,408.269
2025-03-19 20:59:16,347.816
2025-03-19 20:59:17,285.294
2025-03-19 20:59:18,223.437
2025-03-19 20:59:19,164.948
2025-03-19 20:59:20,112.384
2025-03-19 20:59:21,68.0407
2025-03-19 20:59:22,33.8572
2025-03-19 20:59:23,11.3271
2025-03-19 20:59:24,1.43547
2025-03-19 20:59:25,4.61407
2025-03-19 20:59:26,20.7245
2025-03-19 20:59:27,49.0626
2025-03-19 20:59:28,88.3893
2025-03-19 20:59:29,136.986
2025-03-19 20:59:30,192.73
2025-03-19 20:59:31,253.183
2025-03-19 20:59:32,315.705
2025-03-19 20:59:33,377.562
2025-03-19 20:59:34,436.051
2025-03-19 20:59:35,488.616
2025-03-19 20:59:36,532.959
2025-03-19 20:59:37,567.142
2025-03-19 20:59:38,589.673
2025-03-19 20:59:39,599.565
2025-03-19 20:59:40,596.386
2025-03-19 20:59:41,580.276
2025-03-19 20:59:42,551.938
2025-03-19 20:59:43,512.611
2025-03-19 20:59:44,464.014
2025-03-19 20:59:45,408.271
2025-03-19 20:59:46,347.817
2025-03-19 20:59:47,285.296
2025-03-19 20:59:48,223.439
2025-03-19 20:59:49,164.95
2025-03-19 20:59:50,112.385
2025-03-19 20:59:51,68.0416
2025-03-19 20:59:52,33.8578
2025-03-19 20:59:53,11.3277
2025-03-19 20:59:54,1.43547
2025-03-19 20:59:55,4.61407
2025-03-19 20:59:56,20.7239
2025-03-19 20:59:57,49.0617
2025-03-19 20:59:58,88.3881
2025-03-19 20:59:59,136.985
2025-03-19 21:00:00,192.729
2025-03-19 21:00:01,253.182
2025-03-19 21:00:02,315.703
2025-03-19 21:00:03,377.56
2025-03-19 21:00:04,436.05
2025-03-19 21:00:05,488.614
2025-03-19 21:00:06,532.958
2025-03-19 21:00:07,567.142
2025-03-19 21:00:08,589.672
2025-03-19 21:00:09,599.565
2025-03-19 21:00:10,596.386
2025-03-19 21:00:11,580.276
2025-03-19 21:00:12,551.939
2025-03-19 21:00:13,512.612
2025-03-19 21:00:14,464.016
2025-03-19 21:00:15,408.272
2025-03-19 21:00:16,347.819
2025-03-19 21:00:17,285.298
2025-03-19 21:00:18,223.44
2025-03-19 21:00:19,164.951
2025-03-19 21:00:20,112.386
2025-03-19 21:00:21,68.0428
2025-03-19 21:00:22,33.8587
2025-03-19 21:00:23,11.328
2025-03-19 21:00:24,1.43547
2025-03-19 21:00:25,4.61377
2025-03-19 21:00:26,20.7233
2025-03-19 21:00:27,49.0608
2025-03-19 21:00:28,88.3872
2025-03-19 21:00:29,136.984
2025-03-19 21:00:30,192.727
2025-03-19 21:00:31,253.18
2025-03-19 21:00:32,315.702
2025-03-19 21:00:34,436.048
2025-03-19 21:00:35,488.613
2025-03-19 21:00:36,532.957
2025-03-19 21:00:37,567.141
2025-03-19 21:00:38,589.672
2025-03-19 21:00:39,599.564
2025-03-19 21:00:40,596.387
2025-03-19 21:00:41,580.277
2025-03-19 21:00:42,551.94
2025-03-19 21:00:43,512.613
2025-03-19 21:00:44,464.017
2025-03-19 21:00:45,408.274
2025-03-19 21:00:46,347.82
2025-03-19 21:00:47,285.299
2025-03-19 21:00:48,223.442
2025-03-19 21:00:49,164.953
2025-03-19 21:00:50,112.388
2025-03-19 21:00:51,68.0437
2025-03-19 21:00:52,33.8593
2025-03-19 21:00:53,11.3286
2025-03-19 21:00:54,1.43577
2025-03-19 21:00:55,4.61347
2025-03-19 21:00:56,20.723
2025-03-19 21:00:57,49.0599
2025-03-19 21:00:58,88.386
2025-03-19 21:00:59,136.983
2025-03-19 21:01:00,192.726
2025-03-19 21:01:01,253.179
2025-03-19 21:01:02,315.7
2025-03-19 21:01:03,377.557
2025-03-19 21:01:04,436.047
2025-03-19 21:01:05,488.612
2025-03-19 21:01:06,532.956
2025-03-19 21:01:07,567.14
2025-03-19 21:01:08,589.671
2025-03-19 21:01:09,599.564
2025-03-19 21:01:10,596.387
2025-03-19 21:01:11,580.277
2025-03-19 21:01:12,551.941
2025-03-19 21:01:13,512.615
2025-03-19 21:01:14,464.018
2025-03-19 21:01:15,408.275
2025-03-19 21:01:16,347.822
2025-03-19 21:01:17,285.301
2025-03-19 21:01:18,223.443
2025-03-19 21:01:19,164.954
2025-03-19 21:01:20,112.389
2025-03-19 21:01:21,68.0449
2025-03-19 21:01:22,33.8599
2025-03-19 21:01:23,11.3289
2025-03-19 21:01:24,1.43577
2025-03-19 21:01:25,4.61317
2025-03-19 21:01:26,20.7224
2025-03-19 21:01:27,49.059
2025-03-19 21:01:28,88.3848
2025-03-19 21:01:29,136.981
2025-03-19 21:01:30,192.724
2025-03-19 21:01:31,253.177
2025-03-19 21:01:32,315.699
2025-03-19 21:01:33,377.556
2025-03-19 21:01:34,436.045
2025-03-19 21:01:35,488.611
2025-03-19 21:01:36,532.955
2025-03-19 21:01:37,567.139
2025-03-19 21:01:38,589.671
2025-03-19 21:01:39,599.564
2025-03-19 21:01:40,596.387
2025-03-19 21:01:41,580.278
2025-03-19 21:01:42,551.941
2025-03-19 21:01:43,512.616
2025-03-19 21:01:44,464.02
2025-03-19 21:01:45,408.277
2025-03-19 21:01:46,347.824
2025-03-19 21:01:47,285.302
2025-03-19 21:01:48,223.445
2025-03-19 21:01:49,164.956
2025-03-19 21:01:50,112.39
2025-03-19 21:01:51,68.0458
2025-03-19 21:01:52,33.8608
2025-03-19 21:01:53,11.3292
2025-03-19 21:01:54,1.43577
2025-03-19 21:01:55,4.61287
2025-03-19 21:01:56,20.7218
2025-03-19 21:01:57,49.0581
2025-03-19 21:01:58,88.3836
2025-03-19 21:01:59,136.98
2025-03-19 21:02:00,192.723
2025-03-19 21:02:01,253.175
2025-03-19 21:02:02,315.697
2025-03-19 21:02:04,436.044
2025-03-19 21:02:05,488.609
2025-03-19 21:02:06,532.954
2025-03-19 21:02:07,567.139
2025-03-19 21:02:08,589.671
2025-03-19 21:02:09,599.564
2025-03-19 21:02:10,596.387
2025-03-19 21:02:11,580.279
2025-03-19 21:02:12,551.942
2025-03-19 21:02:13,512.617
2025-03-19 21:02:14,464.021
2025-03-19 21:02:15,408.278
2025-03-19 21:02:16,347.825
2025-03-19 21:02:17,285.304
2025-03-19 21:02:18,223.447
2025-03-19 21:02:19,164.957
2025-03-19 21:02:20,112.391
2025-03-19 21:02:21,68.0467
2025-03-19 21:02:22,33.8614
2025-03-19 21:02:23,11.3298
2025-03-19 21:02:24,1.43607
2025-03-19 21:02:25,4.61257
2025-03-19 21:02:26,20.7212
2025-03-19 21:02:27,49.0572
2025-03-19 21:02:28,88.3827
2025-03-19 21:02:29,136.978
2025-03-19 21:02:30,192.721
2025-03-19 21:02:31,253.174
2025-03-19 21:02:32,315.695
2025-03-19 21:02:33,377.553
2025-03-19 21:02:34,436.042
2025-03-19 21:02:35,488.608
2025-03-19 21:02:36,532.953
2025-03-19 21:02:37,567.138
2025-03-19 21:02:38,589.67
2025-03-19 21:02:39,599.564
2025-03-19 21:02:40,596.387
2025-03-19 21:02:41,580.279
2025-03-19 21:02:42,551.943
2025-03-19 21:02:43,512.618
2025-03-19 21:02:44,464.022
2025-03-19 21:02:45,408.28
2025-03-19 21:02:46,347.827
2025-03-19 21:02:47,285.305
2025-03-19 21:02:48,223.448
2025-03-19 21:02:49,164.959
2025-03-19 21:02:50,112.392
2025-03-19 21:02:51,68.0479
2025-03-19 21:02:52,33.8623
2025-03-19 21:02:53,11.3301
2025-03-19 21:02:54,1.43607
2025-03-19 21:02:55,4.61257
2025-03-19 21:02:56,20.7206
2025-03-19 21:02:57,49.0563
2025-03-19 21:02:58,88.3815
2025-03-19 21:02:59,136.977
2025-03-19 21:03:00,192.72
2025-03-19 21:03:01,253.172
2025-03-19 21:03:02,315.694
2025-03-19 21:03:03,377.551
2025-03-19 21:03:04,436.041
2025-03-19 21:03:05,488.607
2025-03-19 21:03:06,532.952
2025-03-19 21:03:07,567.137
2025-03-19 21:03:08,589.67
2025-03-19 21:03:09,599.564
2025-03-19 21:03:10,596.388
2025-03-19 21:03:11,580.28
2025-03-19 21:03:12,551.944
2025-03-19 21:03:13,512.619
2025-03-19 21:03:14,464.023
2025-03-19 21:03:15,408.281
2025-03-19 21:03:16,347.828
2025-03-19 21:03:17,285.307
2025-03-19 21:03:18,223.45
2025-03-19 21:03:19,164.96
2025-03-19 21:03:20,112.394
2025-03-19 21:03:21,68.0488
2025-03-19 21:03:22,33.8629
2025-03-19 21:03:23,11.3304
2025-03-19 21:03:24,1.43607
2025-03-19 21:03:25,4.61227
2025-03-19 21:03:26,20.72
2025-03-19 21:03:27,49.0554
2025-03-19 21:03:28,88.3803
2025-03-19 21:03:29,136.976
2025-03-19 21:03:30,192.718
2025-03-19 21:03:31,253.171
2025-03-19 21:03:33,377.549
2025-03-19 21:03:34,436.039
2025-03-19 21:03:35,488.606
2025-03-19 21:03:36,532.951
2025-03-19 21:03:37,567.137
2025-03-19 21:03:38,589.669
2025-03-19 21:03:39,599.564
2025-03-19 21:03:40,596.388
2025-03-19 21:03:41,580.28
2025-03-19 21:03:42,551.945
2025-03-19 21:03:43,512.62
2025-03-19 21:03:44,464.025
2025-03-19 21:03:45,408.283
2025-03-19 21:03:46,347.83
2025-03-19 21:03:47,285.309
2025-03-19 21:03:48,223.451
2025-03-19 21:03:49,164.961
2025-03-19 21:03:50,112.395
2025-03-19 21:03:51,68.0497
2025-03-19 21:03:52,33.8638
2025-03-19 21:03:53,11.331
2025-03-19 21:03:54,1.43607
2025-03-19 21:03:55,4.61197
2025-03-19 21:03:56,20.7194
2025-03-19 21:03:57,49.0548
2025-03-19 21:03:58,88.3791
2025-03-19 21:03:59,136.974
2025-03-19 21:04:00,192.717
2025-03-19 21:04:01,253.169
2025-03-19 21:04:02,315.691
2025-03-19 21:04:03,377.548
2025-03-19 21:04:04,436.038
2025-03-19 21:04:05,488.604
2025-03-19 21:04:06,532.95
2025-03-19 21:04:07,567.136
2025-03-19 21:04:08,589.669
2025-03-19 21:04:09,599.564
2025-03-19 21:04:10,596.388
2025-03-19 21:04:11,580.281
2025-03-19 21:04:12,551.946
2025-03-19 21:04:13,512.621
2025-03-19 21:04:14,464.026
2025-03-19 21:04:15,408.284
2025-03-19 21:04:16,347.831
2025-03-19 21:04:17,285.31
2025-03-19 21:04:18,223.453
2025-03-19 21:04:19,164.963
2025-03-19 21:04:20,112.396
2025-03-19 21:04:21,68.0509
2025-03-19 21:04:22,33.8644
2025-03-19 21:04:23,11.3313
2025-03-19 21:04:24,1.43637
2025-03-19 21:04:25,4.61167
2025-03-19 21:04:26,20.7188
2025-03-19 21:04:27,49.0539
2025-03-19 21:04:28,88.3782
2025-03-19 21:04:29,136.973
2025-03-19 21:04:30,192.715
2025-03-19 21:04:31,253.168
2025-03-19 21:04:32,315.689
2025-03-19 21:04:33,377.546
2025-03-19 21:04:34,436.037
2025-03-19 21:04:35,488.603
2025-03-19 21:04:36,532.949
2025-03-19 21:04:37,567.135
2025-03-19 21:04:38,589.668
2025-03-19 21:04:39,599.564
2025-03-19 21:04:40,596.388
2025-03-19 21:04:41,580.282
2025-03-19 21:04:42,551.947
2025-03-19 21:04:43,512.622
2025-03-19 21:04:44,464.028
2025-03-19 21:04:45,408.286
2025-03-19 21:04:46,347.833
2025-03-19 21:04:47,285.312
2025-03-19 21:04:48,223.454
2025-03-19 21:04:49,164.964
2025-03-19 21:04:50,112.398
2025-03-19 21:04:51,68.0518
2025-03-19 21:04:52,33.865
2025-03-19 21:04:53,11.3319
2025-03-19 21:04:54,1.43637
2025-03-19 21:04:55,4.61137
2025-03-19 21:04:56,20.7182
2025-03-19 21:04:57,49.053
2025-03-19 21:04:58,88.377
2025-03-19 21:04:59,136.972
2025-03-19 21:05:00,192.714
2025-03-19 21:05:02,315.687
2025-03-19 21:05:03,377.545
2025-03-19 21:05:04,436.035
2025-03-19 21:05:05,488.602
2025-03-19 21:05:06,532.948
2025-03-19 21:05:07,567.134
2025-03-19 21:05:08,589.668
2025-03-19 21:05:09,599.564
2025-03-19 21:05:10,596.389
2025-03-19 21:05:11,580.282
2025-03-19 21:05:12,551.948
2025-03-19 21:05:13,512.624
2025-03-19 21:05:14,464.029
2025-03-19 21:05:15,408.287
2025-03-19 21:05:16,347.835
2025-03-19 21:05:17,285.313
2025-03-19 21:05:18,223.456
2025-03-19 21:05:19,164.965
2025-03-19 21:05:20,112.399
2025-03-19 21:05:21,68.0527
2025-03-19 21:05:22,33.8659
2025-03-19 21:05:23,11.3322
2025-03-19 21:05:24,1.43637
2025-03-19 21:05:25,4.61137
2025-03-19 21:05:26,20.7179
2025-03-19 21:05:27,49.0521
2025-03-19 21:05:28,88.3758
2025-03-19 21:05:29,136.971
2025-03-19 21:05:30,192.712
2025-03-19 21:05:31,253.165
2025-03-19 21:05:32,315.686
2025-03-19 21:05:33,377.543
2025-03-19 21:05:34,436.034
2025-03-19 21:05:35,488.601
2025-03-19 21:05:36,532.947
2025-03-19 21:05:37,567.134
2025-03-19 21:05:38,589.668
2025-03-19 21:05:39,599.564
2025-03-19 21:05:40,596.389
2025-03-19 21:05:41,580.282
2025-03-19 21:05:42,551.949
2025-03-19 21:05:43,512.625
2025-03-19 21:05:44,464.03
2025-03-19 21:05:45,408.289
2025-03-19 21:05:46,347.836
2025-03-19 21:05:47,285.315
2025-03-19 21:05:48,223.458
2025-03-19 21:05:49,164.967
2025-03-19 21:05:50,112.4
2025-03-19 21:05:51,68.0539
2025-03-19 21:05:52,33.8665
2025-03-19 21:05:53,11.3325
2025-03-19 21:05:54,1.43667
2025-03-19 21:05:55,4.61107
2025-03-19 21:05:56,20.7173
2025-03-19 21:05:57,49.0512
2025-03-19 21:05:58,88.3746
2025-03-19 21:05:59,136.969
2025-03-19 21:06:00,192.711
2025-03-19 21:06:01,253.163
2025-03-19 21:06:02,315.684
2025-03-19 21:06:03,377.542
2025-03-19 21:06:04,436.032
2025-03-19 21:06:05,488.599
2025-03-19 21:06:06,532.946
2025-03-19 21:06:07,567.133
2025-03-19 21:06:08,589.667
2025-03-19 21:06:09,599.563
2025-03-19 21:06:10,596.389
2025-03-19 21:06:11,580.283
2025-03-19 21:06:12,551.949
2025-03-19 21:06:13,512.626
2025-03-19 21:06:14,464.031
2025-03-19 21:06:15,408.29
2025-03-19 21:06:16,347.838
2025-03-19 21:06:17,285.317
2025-03-19 21:06:18,223.459
2025-03-19 21:06:19,164.968
2025-03-19 21:06:20,112.401
2025-03-19 21:06:21,68.0548
2025-03-19 21:06:22,33.8674
2025-03-19 21:06:23,11.333
2025-03-19 21:06:24,1.43667
2025-03-19 21:06:25,4.61077
2025-03-19 21:06:26,20.7167
2025-03-19 21:06:27,49.0503
2025-03-19 21:06:28,88.3737
2025-03-19 21:06:29,136.968
2025-03-19 21:06:30,253.161
2025-03-19 21:06:32,315.683
2025-03-19 21:06:33,377.54
2025-03-19 21:06:34,436.031
2025-03-19 21:06:35,488.598
2025-03-19 21:06:36,532.945
2025-03-19 21:06:37,567.132
2025-03-19 21:06:38,589.667
2025-03-19 21:06:39,599.563
2025-03-19 21:06:40,596.39
2025-03-19 21:06:41,580.284
2025-03-19 21:06:42,551.95
2025-03-19 21:06:43,512.627
2025-03-19 21:06:44,464.033
2025-03-19 21:06:45,408.292
2025-03-19 21:06:46,347.839
2025-03-19 21:06:47,285.318
2025-03-19 21:06:48,223.461
2025-03-19 21:06:49,164.97
2025-03-19 21:06:50,112.402
2025-03-19 21:06:51,68.0557
2025-03-19 21:06:52,33.868
2025-03-19 21:06:53,11.3333
2025-03-19 21:06:54,1.43667
2025-03-19 21:06:55,4.61047
2025-03-19 21:06:56,20.7161
2025-03-19 21:06:57,49.0494
2025-03-19 21:06:58,88.3725
2025-03-19 21:06:59,136.966
2025-03-19 21:07:00,192.708
2025-03-19 21:07:01,253.16
2025-03-19 21:07:02,315.681
2025-03-19 21:07:03,377.539
2025-03-19 21:07:04,436.029
2025-03-19 21:07:05,488.597
2025-03-19 21:07:06,532.944
2025-03-19 21:07:07,567.132
2025-03-19 21:07:08,589.666
2025-03-19 21:07:09,599.563
2025-03-19 21:07:10,596.39
2025-03-19 21:07:11,580.284
2025-03-19 21:07:12,551.951
2025-03-19 21:07:13,512.628
2025-03-19 21:07:14,464.034
2025-03-19 21:07:15,408.293
2025-03-19 21:07:16,347.841
2025-03-19 21:07:17,285.32
2025-03-19 21:07:18,223.462
2025-03-19 21:07:19,164.971
2025-03-19 21:07:20,112.404
2025-03-19 21:07:21,68.0569
2025-03-19 21:07:22,33.8686
2025-03-19 21:07:23,11.3339
2025-03-19 21:07:24,1.43667
2025-03-19 21:07:25,4.61017
2025-03-19 21:07:26,20.7155
2025-03-19 21:07:27,49.0485
2025-03-19 21:07:28,88.3713
2025-03-19 21:07:29,136.965
2025-03-19 21:07:30,192.706
2025-03-19 21:07:31,253.158
2025-03-19 21:07:32,315.679
2025-03-19 21:07:33,377.537
2025-03-19 21:07:34,436.028
2025-03-19 21:07:35,488.596
2025-03-19 21:07:36,532.943
2025-03-19 21:07:37,567.131
2025-03-19 21:07:38,589.666
2025-03-19 21:07:39,599.563
2025-03-19 21:07:40,596.39
2025-03-19 21:07:41,580.285
2025-03-19 21:07:42,551.952
2025-03-19 21:07:43,512.629
2025-03-19 21:07:44,464.036
2025-03-19 21:07:45,408.295
2025-03-19 21:07:46,347.843
2025-03-19 21:07:47,285.321
2025-03-19 21:07:48,223.464
2025-03-19 21:07:49,164.973
2025-03-19 21:07:50,112.405
2025-03-19 21:07:51,68.0578
2025-03-19 21:07:52,33.8695
2025-03-19 21:07:53,11.3342
2025-03-19 21:07:54,1.43697
2025-03-19 21:07:55,4.60987
2025-03-19 21:07:56,20.7149
2025-03-19 21:07:57,49.0479
2025-03-19 21:07:58,88.3701
2025-03-19 21:07:59,136.964
2025-03-19 21:08:01,253.157
2025-03-19 21:08:02,315.678
2025-03-19 21:08:03,377.536
2025-03-19 21:08:04,436.027
2025-03-19 21:08:05,488.594
2025-03-19 21:08:06,532.942
2025-03-19 21:08:07,567.13
2025-03-19 21:08:08,589.665
2025-03-19 21:08:09,599.563
2025-03-19 21:08:10,596.39
2025-03-19 21:08:11,580.285
2025-03-19 21:08:12,551.953
2025-03-19 21:08:13,512.63
2025-03-19 21:08:14,464.037
2025-03-19 21:08:15,408.296
2025-03-19 21:08:16,347.844
2025-03-19 21:08:17,285.323
2025-03-19 21:08:18,223.465
2025-03-19 21:08:19,164.974
2025-03-19 21:08:20,112.406
2025-03-19 21:08:21,68.0586
2025-03-19 21:08:22,33.8701
2025-03-19 21:08:23,11.3345
2025-03-19 21:08:24,1.43697
2025-03-19 21:08:25,4.60987
2025-03-19 21:08:26,20.7143
2025-03-19 21:08:27,49.047
2025-03-19 21:08:28,88.3692
2025-03-19 21:08:29,136.963
2025-03-19 21:08:30,192.703
2025-03-19 21:08:31,253.155
2025-03-19 21:08:32,315.676
2025-03-19 21:08:33,377.534
2025-03-19 21:08:34,436.025
2025-03-19 21:08:35,488.593
2025-03-19 21:08:36,532.941
2025-03-19 21:08:37,567.13
2025-03-19 21:08:38,589.665
2025-03-19 21:08:39,599.563
2025-03-19 21:08:40,596.39
2025-03-19 21:08:41,580.286
2025-03-19 21:08:42,551.954
2025-03-19 21:08:43,512.631
2025-03-19 21:08:44,464.038
2025-03-19 21:08:45,408.298
2025-03-19 21:08:46,347.846
2025-03-19 21:08:47,285.325
2025-03-19 21:08:48,223.467
2025-03-19 21:08:49,164.975
2025-03-19 21:08:50,112.407
2025-03-19 21:08:51,68.0598
2025-03-19 21:08:52,33.871
2025-03-19 21:08:53,11.3351
2025-03-19 21:08:54,1.43697
2025-03-19 21:08:55,4.60957
2025-03-19 21:08:56,20.7137
2025-03-19 21:08:57,49.0461
2025-03-19 21:08:58,88.368
2025-03-19 21:08:59,136.961
2025-03-19 21:09:00,192.702
2025-03-19 21:09:01,253.154
2025-03-19 21:09:02,315.675
2025-03-19 21:09:03,377.533
2025-03-19 21:09:04,436.024
2025-03-19 21:09:05,488.592
2025-03-19 21:09:06,532.94
2025-03-19 21:09:07,567.129
2025-03-19 21:09:08,589.665
2025-03-19 21:09:09,599.563
2025-03-19 21:09:10,596.391
2025-03-19 21:09:11,580.287
2025-03-19 21:09:12,551.955
2025-03-19 21:09:13,512.633
2025-03-19 21:09:14,464.04
2025-03-19 21:09:15,408.299
2025-03-19 21:09:16,347.847
2025-03-19 21:09:17,285.326
2025-03-19 21:09:18,223.468
2025-03-19 21:09:19,164.977
2025-03-19 21:09:20,112.409
2025-03-19 21:09:21,68.0607
2025-03-19 21:09:22,33.8716
2025-03-19 21:09:23,11.3354
2025-03-19 21:09:24,1.43727
2025-03-19 21:09:25,4.60927
2025-03-19 21:09:26,20.7131
2025-03-19 21:09:27,49.0452
2025-03-19 21:09:28,88.3668
2025-03-19 21:09:30,192.7
2025-03-19 21:09:31,253.152
2025-03-19 21:09:32,315.673
2025-03-19 21:09:33,377.531
2025-03-19 21:09:34,436.023
2025-03-19 21:09:35,488.591
2025-03-19 21:09:36,532.939
2025-03-19 21:09:37,567.128
2025-03-19 21:09:38,589.664
2025-03-19 21:09:39,599.563
2025-03-19 21:09:40,596.391
2025-03-19 21:09:41,580.287
2025-03-19 21:09:42,551.955
2025-03-19 21:09:43,512.634
2025-03-19 21:09:44,464.041
2025-03-19 21:09:45,408.301
2025-03-19 21:09:46,347.849
2025-03-19 21:09:47,285.328
2025-03-19 21:09:48,223.47
2025-03-19 21:09:49,164.978
2025-03-19 21:09:50,112.41
2025-03-19 21:09:51,68.0616
2025-03-19 21:09:52,33.8725
2025-03-19 21:09:53,11.3357
2025-03-19 21:09:54,1.43727
2025-03-19 21:09:55,4.60898
2025-03-19 21:09:56,20.7125
2025-03-19 21:09:57,49.0443
2025-03-19 21:09:58,88.3656
2025-03-19 21:09:59,136.959
2025-03-19 21:10:00,192.699
2025-03-19 21:10:01,253.151
2025-03-19 21:10:02,315.672
2025-03-19 21:10:03,377.53
2025-03-19 21:10:04,436.021
2025-03-19 21:10:05,488.59
2025-03-19 21:10:06,532.938
2025-03-19 21:10:07,567.127
2025-03-19 21:10:08,589.664
2025-03-19 21:10:09,599.563
2025-03-19 21:10:10,596.391
2025-03-19 21:10:11,580.288
2025-03-19 21:10:12,551.956
2025-03-19 21:10:13,512.635
2025-03-19 21:10:14,464.042
2025-03-19 21:10:15,408.302
2025-03-19 21:10:16,347.85
2025-03-19 21:10:17,285.329
2025-03-19 21:10:18,223.471
2025-03-19 21:10:19,164.98
2025-03-19 21:10:20,112.411
2025-03-19 21:10:21,68.0628
2025-03-19 21:10:22,33.8731
2025-03-19 21:10:23,11.3363
2025-03-19 21:10:24,1.43727
2025-03-19 21:10:25,4.60868
2025-03-19 21:10:26,20.7122
2025-03-19 21:10:27,49.0434
2025-03-19 21:10:28,88.3647
2025-03-19 21:10:29,136.957
2025-03-19 21:10:30,192.697
2025-03-19 21:10:31,253.149
2025-03-19 21:10:32,315.67
2025-03-19 21:10:33,377.528
2025-03-19 21:10:34,436.02
2025-03-19 21:10:35,488.588
2025-03-19 21:10:36,532.937
2025-03-19 21:10:37,567.127
2025-03-19 21:10:38,589.663
2025-03-19 21:10:39,599.563
2025-03-19 21:10:40,596.391
2025-03-19 21:10:41,580.288
2025-03-19 21:10:42,551.957
2025-03-19 21:10:43,512.636
2025-03-19 21:10:44,464.043
2025-03-19 21:10:45,408.304
2025-03-19 21:10:46,347.852
2025-03-19 21:10:47,285.331
2025-03-19 21:10:48,223.473
2025-03-19 21:10:49,164.981
2025-03-19 21:10:50,112.412
2025-03-19 21:10:51,68.0637
2025-03-19 21:10:52,33.8737
2025-03-19 21:10:53,11.3366
2025-03-19 21:10:54,1.43727
2025-03-19 21:10:55,4.60838
2025-03-19 21:10:56,20.7116
2025-03-19 21:10:57,49.0425
2025-03-19 21:10:59,136.956
2025-03-19 21:11:00,192.696
2025-03-19 21:11:01,253.147
2025-03-19 21:11:02,315.668
2025-03-19 21:11:03,377.527
2025-03-19 21:11:04,436.018
2025-03-19 21:11:05,488.587
2025-03-19 21:11:06,532.936
2025-03-19 21:11:07,567.126
2025-03-19 21:11:08,589.663
2025-03-19 21:11:09,599.562
2025-03-19 21:11:10,596.392
2025-03-19 21:11:11,580.289
2025-03-19 21:11:12,551.958
2025-03-19 21:11:13,512.637
2025-03-19 21:11:14,464.045
2025-03-19 21:11:15,408.305
2025-03-19 21:11:16,347.853
2025-03-19 21:11:17,285.332
2025-03-19 21:11:18,223.474
2025-03-19 21:11:19,164.983
2025-03-19 21:11:20,112.413
2025-03-19 21:11:21,68.0646
2025-03-19 21:11:22,33.8746
2025-03-19 21:11:23,11.3372
2025-03-19 21:11:24,1.43757
2025-03-19 21:11:25,4.60838
2025-03-19 21:11:26,20.711
2025-03-19 21:11:27,49.0416
2025-03-19 21:11:28,88.3624
2025-03-19 21:11:29,136.954
2025-03-19 21:11:30,192.694
2025-03-19 21:11:31,253.146
2025-03-19 21:11:32,315.667
2025-03-19 21:11:33,377.525
2025-03-19 21:11:34,436.017
2025-03-19 21:11:35,488.586
2025-03-19 21:11:36,532.935
2025-03-19 21:11:37,567.125
2025-03-19 21:11:38,589.663
2025-03-19 21:11:39,599.562
2025-03-19 21:11:40,596.392
2025-03-19 21:11:41,580.289
2025-03-19 21:11:42,551.959
2025-03-19 21:11:43,512.638
2025-03-19 21:11:44,464.046
2025-03-19 21:11:45,408.307
2025-03-19 21:11:46,347.855
2025-03-19 21:11:47,285.334
2025-03-19 21:11:48,223.476
2025-03-19 21:11:49,164.984
2025-03-19 21:11:50,112.415
2025-03-19 21:11:51,68.0658
2025-03-19 21:11:52,33.8752
2025-03-19 21:11:53,11.3375
2025-03-19 21:11:54,1.43757
2025-03-19 21:11:55,4.60808
2025-03-19 21:11:56,20.7104
2025-03-19 21:11:57,49.0407
2025-03-19 21:11:58,88.3612
2025-03-19 21:11:59,136.953
2025-03-19 21:12:00,192.693
2025-03-19 21:12:01,253.144
2025-03-19 21:12:02,315.665
2025-03-19 21:12:03,377.523
2025-03-19 21:12:04,436.015
2025-03-19 21:12:05,488.585
2025-03-19 21:12:06,532.934
2025-03-19 21:12:07,567.124
2025-03-19 21:12:08,589.662
2025-03-19 21:12:09,599.562
2025-03-19 21:12:10,596.392
2025-03-19 21:12:11,580.29
2025-03-19 21:12:12,551.96
2025-03-19 21:12:13,512.639
2025-03-19 21:12:14,464.047
2025-03-19 21:12:15,408.308
2025-03-19 21:12:16,347.857
2025-03-19 21:12:17,285.336
2025-03-19 21:12:18,223.477
2025-03-19 21:12:19,164.985
2025-03-19 21:12:20,112.416
2025-03-19 21:12:21,68.0667
2025-03-19 21:12:22,33.8761
2025-03-19 21:12:23,11.3378
2025-03-19 21:12:24,1.43757
2025-03-19 21:12:25,4.60778
2025-03-19 21:12:26,20.7098
2025-03-19 21:12:27,49.0401
2025-03-19 21:12:29,136.952
2025-03-19 21:12:30,192.691
2025-03-19 21:12:31,253.142
2025-03-19 21:12:32,315.664
2025-03-19 21:12:33,377.522
2025-03-19 21:12:34,436.014
2025-03-19 21:12:35,488.583
2025-03-19 21:12:36,532.933
2025-03-19 21:12:37,567.124
2025-03-19 21:12:38,589.662
2025-03-19 21:12:39,599.562
2025-03-19 21:12:40,596.392
2025-03-19 21:12:41,580.291
2025-03-19 21:12:42,551.96
2025-03-19 21:12:43,512.64
2025-03-19 21:12:44,464.049
2025-03-19 21:12:45,408.31
2025-03-19 21:12:46,347.858
2025-03-19 21:12:47,285.337
2025-03-19 21:12:48,223.479
2025-03-19 21:12:49,164.987
2025-03-19 21:12:50,112.417
2025-03-19 21:12:51,68.0679
2025-03-19 21:12:52,33.8767
2025-03-19 21:12:53,11.3384
2025-03-19 21:12:54,1.43787
2025-03-19 21:12:55,4.60748
2025-03-19 21:12:56,20.7092
2025-03-19 21:12:57,49.0392
2025-03-19 21:12:58,88.3591
2025-03-19 21:12:59,136.951
2025-03-19 21:13:00,192.69
2025-03-19 21:13:01,253.141
2025-03-19 21:13:02,315.662
2025-03-19 21:13:03,377.52
2025-03-19 21:13:04,436.012
2025-03-19 21:13:05,488.582
2025-03-19 21:13:06,532.932
2025-03-19 21:13:07,567.123
2025-03-19 21:13:08,589.662
2025-03-19 21:13:09,599.562
2025-03-19 21:13:10,596.393
2025-03-19 21:13:11,580.291
2025-03-19 21:13:12,551.961
2025-03-19 21:13:13,512.642
2025-03-19 21:13:14,464.05
2025-03-19 21:13:15,408.311
2025-03-19 21:13:16,347.86
2025-03-19 21:13:17,285.339
2025-03-19 21:13:18,223.481
2025-03-19 21:13:19,164.988
2025-03-19 21:13:20,112.418
2025-03-19 21:13:21,68.0688
2025-03-19 21:13:22,33.8773
2025-03-19 21:13:23,11.3387
2025-03-19 21:13:24,1.43787
2025-03-19 21:13:25,4.60718
2025-03-19 21:13:26,20.7086
2025-03-19 21:13:27,49.0383
2025-03-19 21:13:28,88.3579
2025-03-19 21:13:29,136.949
2025-03-19 21:13:30,192.688
2025-03-19 21:13:31,253.139
2025-03-19 21:13:32,315.66
2025-03-19 21:13:33,377.519
2025-03-19 21:13:34,436.011
2025-03-19 21:13:35,488.581
2025-03-19 21:13:36,532.931
2025-03-19 21:13:37,567.122
2025-03-19 21:13:38,589.661
2025-03-19 21:13:39,599.562
2025-03-19 21:13:40,596.393
2025-03-19 21:13:41,580.292
2025-03-19 21:13:42,551.962
2025-03-19 21:13:43,512.643
2025-03-19 21:13:44,464.052
2025-03-19 21:13:45,408.313
2025-03-19 21:13:46,347.861
2025-03-19 21:13:47,285.34
2025-03-19 21:13:48,223.482
2025-03-19 21:13:49,164.99
2025-03-19 21:13:50,112.42
2025-03-19 21:13:51,68.0697
2025-03-19 21:13:52,33.8782
2025-03-19 21:13:53,11.3393
2025-03-19 21:13:54,1.43787
2025-03-19 21:13:55,4.60718
2025-03-19 21:13:56,20.708
2025-03-19 21:13:58,88.3567
2025-03-19 21:13:59,136.948
2025-03-19 21:14:00,192.687
2025-03-19 21:14:01,253.138
2025-03-19 21:14:02,315.659
2025-03-19 21:14:03,377.517
2025-03-19 21:14:04,436.01
2025-03-19 21:14:05,488.58
2025-03-19 21:14:06,532.93
2025-03-19 21:14:07,567.121
2025-03-19 21:14:08,589.661
2025-03-19 21:14:09,599.562
2025-03-19 21:14:10,596.393
2025-03-19 21:14:11,580.292
2025-03-19 21:14:12,551.963
2025-03-19 21:14:13,512.644
2025-03-19 21:14:14,464.053
2025-03-19 21:14:15,408.314
2025-03-19 21:14:16,347.863
2025-03-19 21:14:17,285.342
2025-03-19 21:14:18,223.484
2025-03-19 21:14:19,164.991
2025-03-19 21:14:20,112.421
2025-03-19 21:14:21,68.0709
2025-03-19 21:14:22,33.8788
2025-03-19 21:14:23,11.3396
2025-03-19 21:14:24,1.43787
2025-03-19 21:14:25,4.60688
2025-03-19 21:14:26,20.7074
2025-03-19 21:14:27,49.0365
2025-03-19 21:14:28,88.3558
2025-03-19 21:14:29,136.947
2025-03-19 21:14:30,192.685
2025-03-19 21:14:31,253.136
2025-03-19 21:14:32,315.657
2025-03-19 21:14:33,377.516
2025-03-19 21:14:34,436.008
2025-03-19 21:14:35,488.579
2025-03-19 21:14:36,532.929
2025-03-19 21:14:37,567.121
2025-03-19 21:14:38,589.66
2025-03-19 21:14:39,599.562
2025-03-19 21:14:40,596.393
2025-03-19 21:14:41,580.293
2025-03-19 21:14:42,551.964
2025-03-19 21:14:43,512.645
2025-03-19 21:14:44,464.054
2025-03-19 21:14:45,408.315
2025-03-19 21:14:46,347.864
2025-03-19 21:14:47,285.344
2025-03-19 21:14:48,223.485
2025-03-19 21:14:49,164.992
2025-03-19 21:14:50,112.422
2025-03-19 21:14:51,68.0718
2025-03-19 21:14:52,33.8797
2025-03-19 21:14:53,11.3399
2025-03-19 21:14:54,1.43817
2025-03-19 21:14:55,4.60658
2025-03-19 21:14:56,20.7071
2025-03-19 21:14:57,49.0356
2025-03-19 21:14:58,88.3546
2025-03-19 21:14:59,136.945
2025-03-19 21:15:00,192.684
2025-03-19 21:15:01,253.135
2025-03-19 21:15:02,315.656
2025-03-19 21:15:03,377.514
2025-03-19 21:15:04,436.007
2025-03-19 21:15:05,488.577
2025-03-19 21:15:06,532.928
2025-03-19 21:15:07,567.12
2025-03-19 21:15:08,589.66
2025-03-19 21:15:09,599.562
2025-03-19 21:15:10,596.393
2025-03-19 21:15:11,580.293
2025-03-19 21:15:12,551.965
2025-03-19 21:15:13,512.646
2025-03-19 21:15:14,464.055
2025-03-19 21:15:15,408.317
2025-03-19 21:15:16,347.866
2025-03-19 21:15:17,285.345
2025-03-19 21:15:18,223.487
2025-03-19 21:15:19,164.994
2025-03-19 21:15:20,112.423
2025-03-19 21:15:21,68.0727
2025-03-19 21:15:22,33.8803
2025-03-19 21:15:23,11.3405
2025-03-19 21:15:24,1.43817
2025-03-19 21:15:25,4.60628
2025-03-19 21:15:27,49.0347
2025-03-19 21:15:28,88.3534
2025-03-19 21:15:29,136.944
2025-03-19 21:15:30,192.682
2025-03-19 21:15:31,253.133
2025-03-19 21:15:32,315.654
2025-03-19 21:15:33,377.513
2025-03-19 21:15:34,436.005
2025-03-19 21:15:35,488.576
2025-03-19 21:15:36,532.927
2025-03-19 21:15:37,567.119
2025-03-19 21:15:38,589.659
2025-03-19 21:15:39,599.562
2025-03-19 21:15:40,596.394
2025-03-19 21:15:41,580.294
2025-03-19 21:15:42,551.966
2025-03-19 21:15:43,512.647
2025-03-19 21:15:44,464.057
2025-03-19 21:15:45,408.318
2025-03-19 21:15:46,347.868
2025-03-19 21:15:47,285.347
2025-03-19 21:15:48,223.488
2025-03-19 21:15:49,164.995
2025-03-19 21:15:50,112.425
2025-03-19 21:15:51,68.0739
2025-03-19 21:15:52,33.8812
2025-03-19 21:15:53,11.3408
2025-03-19 21:15:54,1.43817
2025-03-19 21:15:55,4.60598
2025-03-19 21:15:56,20.7059
2025-03-19 21:15:57,49.0338
2025-03-19 21:15:58,88.3522
2025-03-19 21:15:59,136.942
2025-03-19 21:16:00,192.681
2025-03-19 21:16:01,253.132
2025-03-19 21:16:02,315.652
2025-03-19 21:16:03,377.511
2025-03-19 21:16:04,436.004
2025-03-19 21:16:05,488.575
2025-03-19 21:16:06,532.926
2025-03-19 21:16:07,567.118
2025-03-19 21:16:08,589.659
2025-03-19 21:16:09,599.562
2025-03-19 21:16:10,596.394
2025-03-19 21:16:11,580.294
2025-03-19 21:16:12,551.966
2025-03-19 21:16:13,512.648
2025-03-19 21:16:14,464.058
2025-03-19 21:16:15,408.32
2025-03-19 21:16:16,347.869
2025-03-19 21:16:17,285.348
2025-03-19 21:16:18,223.49
2025-03-19 21:16:19,164.997
2025-03-19 21:16:20,112.426
2025-03-19 21:16:21,68.0748
2025-03-19 21:16:22,33.8818
2025-03-19 21:16:23,11.3411
2025-03-19 21:16:24,1.43847
2025-03-19 21:16:25,4.60568
2025-03-19 21:16:26,20.7053
2025-03-19 21:16:27,49.0332
2025-03-19 21:16:28,88.3513
2025-03-19 21:16:29,136.941
2025-03-19 21:16:30,192.679
2025-03-19 21:16:31,253.13
2025-03-19 21:16:32,315.651
2025-03-19 21:16:33,377.51
2025-03-19 21:16:34,436.002
2025-03-19 21:16:35,488.573
2025-03-19 21:16:36,532.925
2025-03-19 21:16:37,567.118
2025-03-19 21:16:38,589.659
2025-03-19 21:16:39,599.562
2025-03-19 21:16:40,596.394
2025-03-19 21:16:41,580.295
2025-03-19 21:16:42,551.967
2025-03-19 21:16:43,512.649
2025-03-19 21:16:44,464.06
2025-03-19 21:16:45,408.321
2025-03-19 21:16:46,347.871
2025-03-19 21:16:47,285.35
2025-03-19 21:16:48,223.491
2025-03-19 21:16:49,164.998
2025-03-19 21:16:50,112.427
2025-03-19 21:16:51,68.0757
2025-03-19 21:16:52,33.8824
2025-03-19 21:16:53,11.3417
2025-03-19 21:16:54,1.43847
2025-03-19 21:16:55,4.60568
2025-03-19 21:16:57,49.0323
2025-03-19 21:16:58,88.3501
2025-03-19 21:16:59,136.94
2025-03-19 21:17:00,192.678
2025-03-19 21:17:01,253.128
2025-03-19 21:17:02,315.649
2025-03-19 21:17:03,377.508
2025-03-19 21:17:04,436.001
2025-03-19 21:17:05,488.572
2025-03-19 21:17:06,532.924
2025-03-19 21:17:07,567.117
2025-03-19 21:17:08,589.658
2025-03-19 21:17:09,599.562
2025-03-19 21:17:10,596.395
2025-03-19 21:17:11,580.296
2025-03-19 21:17:12,551.968
2025-03-19 21:17:13,512.651
2025-03-19 21:17:14,464.061
2025-03-19 21:17:15,408.323
2025-03-19 21:17:16,347.872
2025-03-19 21:17:17,285.351
2025-03-19 21:17:18,223.493
2025-03-19 21:17:19,165
2025-03-19 21:17:20,112.428
2025-03-19 21:17:21,68.0769
2025-03-19 21:17:22,33.8833
2025-03-19 21:17:23,11.342
2025-03-19 21:17:24,1.43847
2025-03-19 21:17:25,4.60538
2025-03-19 21:17:26,20.7041
2025-03-19 21:17:27,49.0314
2025-03-19 21:17:28,88.3489
2025-03-19 21:17:29,136.939
2025-03-19 21:17:30,192.676
2025-03-19 21:17:31,253.127
2025-03-19 21:17:32,315.648
2025-03-19 21:17:33,377.507
2025-03-19 21:17:34,436
2025-03-19 21:17:35,488.571
2025-03-19 21:17:36,532.923
2025-03-19 21:17:37,567.116
2025-03-19 21:17:38,589.658
2025-03-19 21:17:39,599.562
2025-03-19 21:17:40,596.395
2025-03-19 21:17:41,580.296
2025-03-19 21:17:42,551.969
2025-03-19 21:17:43,512.652
2025-03-19 21:17:44,464.062
2025-03-19 21:17:45,408.324
2025-03-19 21:17:46,347.874
2025-03-19 21:17:47,285.353
2025-03-19 21:17:48,223.494
2025-03-19 21:17:49,165.001
2025-03-19 21:17:50,112.43
2025-03-19 21:17:51,68.0778
2025-03-19 21:17:52,33.8839
2025-03-19 21:17:53,11.3426
2025-03-19 21:17:54,1.43847
2025-03-19 21:17:55,4.60508
2025-03-19 21:17:56,20.7035
2025-03-19 21:17:57,49.0305
2025-03-19 21:17:58,88.3477
2025-03-19 21:17:59,136.937
2025-03-19 21:18:00,192.675
2025-03-19 21:18:01,253.125
2025-03-19 21:18:02,315.646
2025-03-19 21:18:03,377.505
2025-03-19 21:18:04,435.998
2025-03-19 21:18:05,488.57
2025-03-19 21:18:06,532.922
2025-03-19 21:18:07,567.116
2025-03-19 21:18:08,589.657
2025-03-19 21:18:09,599.561
2025-03-19 21:18:10,596.395
2025-03-19 21:18:11,580.297
2025-03-19 21:18:12,551.97
2025-03-19 21:18:13,512.653
2025-03-19 21:18:14,464.064
2025-03-19 21:18:15,408.326
2025-03-19 21:18:16,347.876
2025-03-19 21:18:17,285.355
2025-03-19 21:18:18,223.496
2025-03-19 21:18:19,165.002
2025-03-19 21:18:20,112.431
2025-03-19 21:18:21,68.0787
2025-03-19 21:18:22,33.8848
2025-03-19 21:18:23,11.3429
2025-03-19 21:18:24,1.43877
2025-03-19 21:18:25,4.60478
2025-03-19 21:18:27,49.0296
2025-03-19 21:18:28,88.3468
2025-03-19 21:18:29,136.936
2025-03-19 21:18:30,192.673
2025-03-19 21:18:31,253.124
2025-03-19 21:18:32,315.645
2025-03-19 21:18:33,377.504
2025-03-19 21:18:34,435.997
2025-03-19 21:18:35,488.569
2025-03-19 21:18:36,532.921
2025-03-19 21:18:37,567.115
2025-03-19 21:18:38,589.657
2025-03-19 21:18:39,599.561
2025-03-19 21:18:40,596.395
2025-03-19 21:18:41,580.297
2025-03-19 21:18:42,551.971
2025-03-19 21:18:43,512.654
2025-03-19 21:18:44,464.065
2025-03-19 21:18:45,408.327
2025-03-19 21:18:46,347.877
2025-03-19 21:18:47,285.356
2025-03-19 21:18:48,223.497
2025-03-19 21:18:49,165.004
2025-03-19 21:18:50,112.432
2025-03-19 21:18:51,68.0799
2025-03-19 21:18:52,33.8854
2025-03-19 21:18:53,11.3432
2025-03-19 21:18:54,1.43877
2025-03-19 21:18:55,4.60448
2025-03-19 21:18:56,20.7023
2025-03-19 21:18:57,49.0287
2025-03-19 21:18:58,88.3456
2025-03-19 21:18:59,136.934
2025-03-19 21:19:00,192.672
2025-03-19 21:19:01,253.122
2025-03-19 21:19:02,315.643
2025-03-19 21:19:03,377.502
2025-03-19 21:19:04,435.996
2025-03-19 21:19:05,488.567
2025-03-19 21:19:06,532.92
2025-03-19 21:19:07,567.114
2025-03-19 21:19:08,589.656
2025-03-19 21:19:09,599.561
2025-03-19 21:19:10,596.396
2025-03-19 21:19:11,580.298
2025-03-19 21:19:12,551.972
2025-03-19 21:19:13,512.655
2025-03-19 21:19:14,464.066
2025-03-19 21:19:15,408.329
2025-03-19 21:19:16,347.879
2025-03-19 21:19:17,285.358
2025-03-19 21:19:18,223.499
2025-03-19 21:19:19,165.005
2025-03-19 21:19:20,112.433
2025-03-19 21:19:21,68.0808
2025-03-19 21:19:22,33.886
2025-03-19 21:19:23,11.3438
2025-03-19 21:19:24,1.43877
2025-03-19 21:19:25,4.60448
2025-03-19 21:19:26,20.702
2025-03-19 21:19:27,49.0278
2025-03-19 21:19:28,88.3444
2025-03-19 21:19:29,136.933
2025-03-19 21:19:30,192.671
2025-03-19 21:19:31,253.121
2025-03-19 21:19:32,315.641
2025-03-19 21:19:33,377.5
2025-03-19 21:19:34,435.994
2025-03-19 21:19:35,488.566
2025-03-19 21:19:36,532.919
2025-03-19 21:19:37,567.113
2025-03-19 21:19:38,589.656
2025-03-19 21:19:39,599.561
2025-03-19 21:19:40,596.396
2025-03-19 21:19:41,580.298
2025-03-19 21:19:42,551.972
2025-03-19 21:19:43,512.656
2025-03-19 21:19:44,464.067
2025-03-19 21:19:45,408.33
2025-03-19 21:19:46,347.88
2025-03-19 21:19:47,285.359
2025-03-19 21:19:48,223.5
2025-03-19 21:19:49,165.006
2025-03-19 21:19:50,112.435
2025-03-19 21:19:51,68.0817
2025-03-19 21:19:52,33.8869
2025-03-19 21:19:53,11.3441
2025-03-19 21:19:54,1.43907
2025-03-19 21:19:55,4.60418
2025-03-19 21:19:57,49.0269
2025-03-19 21:19:58,88.3432
2025-03-19 21:19:59,136.932
2025-03-19 21:20:00,192.669
2025-03-19 21:20:01,253.119
2025-03-19 21:20:02,315.64
2025-03-19 21:20:03,377.499
2025-03-19 21:20:04,435.993
2025-03-19 21:20:05,488.565
2025-03-19 21:20:06,532.918
2025-03-19 21:20:07,567.113
2025-03-19 21:20:08,589.656
2025-03-19 21:20:09,599.561
2025-03-19 21:20:10,596.396
2025-03-19 21:20:11,580.299
2025-03-19 21:20:12,551.973
2025-03-19 21:20:13,512.657
2025-03-19 21:20:14,464.069
2025-03-19 21:20:15,408.332
2025-03-19 21:20:16,347.882
2025-03-19 21:20:17,285.361
2025-03-19 21:20:18,223.502
2025-03-19 21:20:19,165.008
2025-03-19 21:20:20,112.436
2025-03-19 21:20:21,68.0829
2025-03-19 21:20:22,33.8875
2025-03-19 21:20:23,11.3444
2025-03-19 21:20:24,1.43907
2025-03-19 21:20:25,4.60388
2025-03-19 21:20:26,20.7008
2025-03-19 21:20:27,49.026
2025-03-19 21:20:28,88.3423
2025-03-19 21:20:29,136.93
2025-03-19 21:20:30,192.668
2025-03-19 21:20:31,253.118
2025-03-19 21:20:32,315.638
2025-03-19 21:20:33,377.497
2025-03-19 21:20:34,435.991
2025-03-19 21:20:35,488.564
2025-03-19 21:20:36,532.917
2025-03-19 21:20:37,567.112
2025-03-19 21:20:38,589.655
2025-03-19 21:20:39,599.561
2025-03-19 21:20:40,596.396
2025-03-19 21:20:41,580.299
2025-03-19 21:20:42,551.974
2025-03-19 21:20:43,512.658
2025-03-19 21:20:44,464.07
2025-03-19 21:20:45,408.333
2025-03-19 21:20:46,347.883
2025-03-19 21:20:47,285.363
2025-03-19 21:20:48,223.503
2025-03-19 21:20:49,165.009
2025-03-19 21:20:50,112.437
2025-03-19 21:20:51,68.0838
2025-03-19 21:20:52,33.8884
2025-03-19 21:20:53,11.345
2025-03-19 21:20:54,1.43907
2025-03-19 21:20:55,4.60358
2025-03-19 21:20:56,20.7002
2025-03-19 21:20:57,49.0254
2025-03-19 21:20:58,88.3411
2025-03-19 21:20:59,136.929
2025-03-19 21:21:00,192.666
2025-03-19 21:21:01,253.116
2025-03-19 21:21:02,315.637
2025-03-19 21:21:03,377.496
2025-03-19 21:21:04,435.99
2025-03-19 21:21:05,488.562
2025-03-19 21:21:06,532.916
2025-03-19 21:21:07,567.111
2025-03-19 21:21:08,589.655
2025-03-19 21:21:09,599.561
2025-03-19 21:21:10,596.396
2025-03-19 21:21:11,580.3
2025-03-19 21:21:12,551.975
2025-03-19 21:21:13,512.66
2025-03-19 21:21:14,464.071
2025-03-19 21:21:15,408.335
2025-03-19 21:21:16,347.885
2025-03-19 21:21:17,285.364
2025-03-19 21:21:18,223.505
2025-03-19 21:21:19,165.011
2025-03-19 21:21:20,112.438
2025-03-19 21:21:21,68.0847
2025-03-19 21:21:22,33.889
2025-03-19 21:21:23,11.3453
2025-03-19 21:21:24,1.43907
2025-03-19 21:21:26,20.6996
2025-03-19 21:21:27,49.0245
2025-03-19 21:21:28,88.3399
2025-03-19 21:21:29,136.928
2025-03-19 21:21:30,192.665
2025-03-19 21:21:31,253.114
2025-03-19 21:21:32,315.635
2025-03-19 21:21:33,377.494
2025-03-19 21:21:34,435.988
2025-03-19 21:21:35,488.561
2025-03-19 21:21:36,532.915
2025-03-19 21:21:37,567.111
2025-03-19 21:21:38,589.654
2025-03-19 21:21:39,599.561
2025-03-19 21:21:40,596.397
2025-03-19 21:21:41,580.301
2025-03-19 21:21:42,551.976
2025-03-19 21:21:43,512.661
2025-03-19 21:21:44,464.073
2025-03-19 21:21:45,408.336
2025-03-19 21:21:46,347.886
2025-03-19 21:21:47,285.366
2025-03-19 21:21:48,223.507
2025-03-19 21:21:49,165.012
2025-03-19 21:21:50,112.439
2025-03-19 21:21:51,68.0859
2025-03-19 21:21:52,33.8899
2025-03-19 21:21:53,11.3459
2025-03-19 21:21:54,1.43937
2025-03-19 21:21:55,4.60298
2025-03-19 21:21:56,20.699
2025-03-19 21:21:57,49.0236
2025-03-19 21:21:58,88.3387
2025-03-19 21:21:59,136.927
2025-03-19 21:22:00,192.663
2025-03-19 21:22:01,253.113
2025-03-19 21:22:02,315.633
2025-03-19 21:22:03,377.493
2025-03-19 21:22:04,435.987
2025-03-19 21:22:05,488.56
2025-03-19 21:22:06,532.914
2025-03-19 21:22:07,567.11
2025-03-19 21:22:08,589.654
2025-03-19 21:22:09,599.561
2025-03-19 21:22:10,596.397
2025-03-19 21:22:11,580.301
2025-03-19 21:22:12,551.977
2025-03-19 21:22:13,512.662
2025-03-19 21:22:14,464.074
2025-03-19 21:22:15,408.338
2025-03-19 21:22:16,347.888
2025-03-19 21:22:17,285.367
2025-03-19 21:22:18,223.508
2025-03-19 21:22:19,165.014
2025-03-19 21:22:20,112.441
2025-03-19 21:22:21,68.0868
2025-03-19 21:22:22,33.8905
2025-03-19 21:22:23,11.3462
2025-03-19 21:22:24,1.43937
2025-03-19 21:22:25,4.60298
2025-03-19 21:22:26,20.6984
2025-03-19 21:22:27,49.0227
2025-03-19 21:22:28,88.3378
2025-03-19 21:22:29,136.925
2025-03-19 21:22:30,192.662
2025-03-19 21:22:31,253.111
2025-03-19 21:22:32,315.632
2025-03-19 21:22:33,377.491
2025-03-19 21:22:34,435.986
2025-03-19 21:22:35,488.559
2025-03-19 21:22:36,532.913
2025-03-19 21:22:37,567.109
2025-03-19 21:22:38,589.653
2025-03-19 21:22:39,599.561
2025-03-19 21:22:40,596.397
2025-03-19 21:22:41,580.302
2025-03-19 21:22:42,551.978
2025-03-19 21:22:43,512.663
2025-03-19 21:22:44,464.076
2025-03-19 21:22:45,408.339
2025-03-19 21:22:46,347.89
2025-03-19 21:22:47,285.369
2025-03-19 21:22:48,223.51
2025-03-19 21:22:49,165.015
2025-03-19 21:22:50,112.442
2025-03-19 21:22:51,68.0877
2025-03-19 21:22:52,33.8911
2025-03-19 21:22:53,11.3465
2025-03-19 21:22:55,4.60269
2025-03-19 21:22:56,20.6978
2025-03-19 21:22:57,49.0218
2025-03-19 21:22:58,88.3366
2025-03-19 21:22:59,136.924
2025-03-19 21:23:00,192.66
2025-03-19 21:23:01,253.11
2025-03-19 21:23:02,315.63
2025-03-19 21:23:03,377.489
2025-03-19 21:23:04,435.984
2025-03-19 21:23:05,488.558
2025-03-19 21:23:06,532.912
2025-03-19 21:23:07,567.108
2025-03-19 21:23:08,589.653
2025-03-19 21:23:09,599.561
2025-03-19 21:23:10,596.398
2025-03-19 21:23:11,580.302
2025-03-19 21:23:12,551.978
2025-03-19 21:23:13,512.664
2025-03-19 21:23:14,464.077
2025-03-19 21:23:15,408.341
2025-03-19 21:23:16,347.891
2025-03-19 21:23:17,285.371
2025-03-19 21:23:18,223.511
2025-03-19 21:23:19,165.017
2025-03-19 21:23:20,112.443
2025-03-19 21:23:21,68.0889
2025-03-19 21:23:22,33.892
2025-03-19 21:23:23,11.3471
2025-03-19 21:23:24,1.43967
2025-03-19 21:23:25,4.60239
2025-03-19 21:23:26,20.6972
2025-03-19 21:23:27,49.0209
2025-03-19 21:23:28,88.3354
2025-03-19 21:23:29,136.923
2025-03-19 21:23:30,192.659
2025-03-19 21:23:31,253.108
2025-03-19 21:23:32,315.629
2025-03-19 21:23:33,377.488
2025-03-19 21:23:34,435.983
2025-03-19 21:23:35,488.556
2025-03-19 21:23:36,532.911
2025-03-19 21:23:37,567.108
2025-03-19 21:23:38,589.653
2025-03-19 21:23:39,599.56
2025-03-19 21:23:40,596.398
2025-03-19 21:23:41,580.303
2025-03-19 21:23:42,551.979
2025-03-19 21:23:43,512.665
2025-03-19 21:23:44,464.078
2025-03-19 21:23:45,408.342
2025-03-19 21:23:46,347.893
2025-03-19 21:23:47,285.372
2025-03-19 21:23:48,223.513
2025-03-19 21:23:49,165.018
2025-03-19 21:23:50,112.445
2025-03-19 21:23:51,68.0898
2025-03-19 21:23:52,33.8926
2025-03-19 21:23:53,11.3474
2025-03-19 21:23:54,1.43967
2025-03-19 21:23:55,4.60209
2025-03-19 21:23:56,20.6966
2025-03-19 21:23:57,49.02
2025-03-19 21:23:58,88.3342
2025-03-19 21:23:59,136.921
2025-03-19 21:24:00,192.657
2025-03-19 21:24:01,253.107
2025-03-19 21:24:02,315.627
2025-03-19 21:24:03,377.486
2025-03-19 21:24:04,435.981
2025-03-19 21:24:05,488.555
2025-03-19 21:24:06,532.91
2025-03-19 21:24:07,567.107
2025-03-19 21:24:08,589.652
2025-03-19 21:24:09,599.56
2025-03-19 21:24:10,596.398
2025-03-19 21:24:11,580.303
2025-03-19 21:24:12,551.98
2025-03-19 21:24:13,512.666
2025-03-19 21:24:14,464.079
2025-03-19 21:24:15,408.344
2025-03-19 21:24:16,347.894
2025-03-19 21:24:17,285.374
2025-03-19 21:24:18,223.514
2025-03-19 21:24:19,165.019
2025-03-19 21:24:20,112.446
2025-03-19 21:24:21,68.0907
2025-03-19 21:24:22,33.8935
2025-03-19 21:24:23,1.43967
2025-03-19 21:24:25,4.60179
2025-03-19 21:24:26,20.6963
2025-03-19 21:24:27,49.0191
2025-03-19 21:24:28,88.3333
2025-03-19 21:24:29,136.92
2025-03-19 21:24:30,192.656
2025-03-19 21:24:31,253.105
2025-03-19 21:24:32,315.625
2025-03-19 21:24:33,377.485
2025-03-19 21:24:34,435.98
2025-03-19 21:24:35,488.554
2025-03-19 21:24:36,532.909
2025-03-19 21:24:37,567.106
2025-03-19 21:24:38,589.652
2025-03-19 21:24:39,599.56
2025-03-19 21:24:40,596.398
2025-03-19 21:24:41,580.304
2025-03-19 21:24:42,551.981
2025-03-19 21:24:43,512.667
2025-03-19 21:24:44,464.081
2025-03-19 21:24:45,408.345
2025-03-19 21:24:46,347.896
2025-03-19 21:24:47,285.375
2025-03-19 21:24:48,223.516
2025-03-19 21:24:49,165.021
2025-03-19 21:24:50,112.447
2025-03-19 21:24:51,68.0919
2025-03-19 21:24:52,33.8941
2025-03-19 21:24:53,11.3483
2025-03-19 21:24:54,1.43967
2025-03-19 21:24:55,4.60149
2025-03-19 21:24:56,20.6957
2025-03-19 21:24:57,49.0185
2025-03-19 21:24:58,88.3321
2025-03-19 21:24:59,136.918
2025-03-19 21:25:00,192.654
2025-03-19 21:25:01,253.103
2025-03-19 21:25:02,315.624
2025-03-19 21:25:03,377.483
2025-03-19 21:25:04,435.979
2025-03-19 21:25:05,488.552
2025-03-19 21:25:06,532.908
2025-03-19 21:25:07,567.106
2025-03-19 21:25:08,589.651
2025-03-19 21:25:09,599.56
2025-03-19 21:25:10,596.399
2025-03-19 21:25:11,580.305
2025-03-19 21:25:12,551.982
2025-03-19 21:25:13,512.668
2025-03-19 21:25:14,464.082
2025-03-19 21:25:15,408.346
2025-03-19 21:25:16,347.897
2025-03-19 21:25:17,285.377
2025-03-19 21:25:18,223.517
2025-03-19 21:25:19,165.022
2025-03-19 21:25:20,112.448
2025-03-19 21:25:21,68.0928
2025-03-19 21:25:22,33.895
2025-03-19 21:25:23,11.3486
2025-03-19 21:25:24,1.43997
2025-03-19 21:25:25,4.60149
2025-03-19 21:25:26,20.6951
2025-03-19 21:25:27,49.0176
2025-03-19 21:25:28,88.3309
2025-03-19 21:25:29,136.917
2025-03-19 21:25:30,192.653
2025-03-19 21:25:31,253.102
2025-03-19 21:25:32,315.622
2025-03-19 21:25:33,377.482
2025-03-19 21:25:34,435.977
2025-03-19 21:25:35,488.551
2025-03-19 21:25:36,532.907
2025-03-19 21:25:37,567.105
2025-03-19 21:25:38,589.651
2025-03-19 21:25:39,599.56
2025-03-19 21:25:40,596.399
2025-03-19 21:25:41,580.305
2025-03-19 21:25:42,551.983
2025-03-19 21:25:43,512.67
2025-03-19 21:25:44,464.084
2025-03-19 21:25:45,408.348
2025-03-19 21:25:46,347.899
2025-03-19 21:25:47,285.378
2025-03-19 21:25:48,223.519
2025-03-19 21:25:49,165.024
2025-03-19 21:25:50,112.449
2025-03-19 21:25:51,68.094
2025-03-19 21:25:52,33.8956
2025-03-19 21:25:54,1.43997
2025-03-19 21:25:55,4.60119
2025-03-19 21:25:56,20.6945
2025-03-19 21:25:57,49.0167
2025-03-19 21:25:58,88.3297
2025-03-19 21:25:59,136.916
2025-03-19 21:26:00,192.651
2025-03-19 21:26:01,253.1
2025-03-19 21:26:02,315.621
2025-03-19 21:26:03,377.48
2025-03-19 21:26:04,435.976
2025-03-19 21:26:05,488.55
2025-03-19 21:26:06,532.906
2025-03-19 21:26:07,567.104
2025-03-19 21:26:08,589.651
2025-03-19 21:26:09,599.56
2025-03-19 21:26:10,596.399
2025-03-19 21:26:11,580.306
2025-03-19 21:26:12,551.984
2025-03-19 21:26:13,512.671
2025-03-19 21:26:14,464.085
2025-03-19 21:26:15,408.349
2025-03-19 21:26:16,347.901
2025-03-19 21:26:17,285.38
2025-03-19 21:26:18,223.52
2025-03-19 21:26:19,165.025
2025-03-19 21:26:20,112.451
2025-03-19 21:26:21,68.0949
2025-03-19 21:26:22,33.8962
2025-03-19 21:26:23,11.3495
2025-03-19 21:26:24,1.43997
2025-03-19 21:26:25,4.60089
2025-03-19 21:26:26,20.6939
2025-03-19 21:26:27,49.0158
2025-03-19 21:26:28,88.3288
2025-03-19 21:26:29,136.915
2025-03-19 21:26:30,192.65
2025-03-19 21:26:31,253.099
2025-03-19 21:26:32,315.619
2025-03-19 21:26:33,377.479
2025-03-19 21:26:34,435.974
2025-03-19 21:26:35,488.549
2025-03-19 21:26:36,532.905
2025-03-19 21:26:37,567.103
2025-03-19 21:26:38,589.65
2025-03-19 21:26:39,599.56
2025-03-19 21:26:40,596.399
2025-03-19 21:26:41,580.306
2025-03-19 21:26:42,551.985
2025-03-19 21:26:43,512.672
2025-03-19 21:26:44,464.086
2025-03-19 21:26:45,408.351
2025-03-19 21:26:46,347.902
2025-03-19 21:26:47,285.382
2025-03-19 21:26:48,223.522
2025-03-19 21:26:49,165.027
2025-03-19 21:26:50,112.452
2025-03-19 21:26:51,68.0958
2025-03-19 21:26:52,33.8971
2025-03-19 21:26:53,11.3498
2025-03-19 21:26:54,1.44026
2025-03-19 21:26:55,4.60059
2025-03-19 21:26:56,20.6933
2025-03-19 21:26:57,49.0149
2025-03-19 21:26:58,88.3276
2025-03-19 21:26:59,136.913
2025-03-19 21:27:00,192.648
2025-03-19 21:27:01,253.097
2025-03-19 21:27:02,315.618
2025-03-19 21:27:03,377.477
2025-03-19 21:27:04,435.973
2025-03-19 21:27:05,488.547
2025-03-19 21:27:06,532.904
2025-03-19 21:27:07,567.103
2025-03-19 21:27:08,589.65
2025-03-19 21:27:09,599.56
2025-03-19 21:27:10,596.399
2025-03-19 21:27:11,580.307
2025-03-19 21:27:12,551.985
2025-03-19 21:27:13,512.673
2025-03-19 21:27:14,464.087
2025-03-19 21:27:15,408.352
2025-03-19 21:27:16,347.904
2025-03-19 21:27:17,285.383
2025-03-19 21:27:18,223.523
2025-03-19 21:27:19,165.028
2025-03-19 21:27:20,112.453
2025-03-19 21:27:21,68.097
2025-03-19 21:27:22,11.3504
2025-03-19 21:27:24,1.44026
2025-03-19 21:27:25,4.60029
2025-03-19 21:27:26,20.6927
2025-03-19 21:27:27,49.014
2025-03-19 21:27:28,88.3264
2025-03-19 21:27:29,136.912
2025-03-19 21:27:30,192.647
2025-03-19 21:27:31,253.095
2025-03-19 21:27:32,315.616
2025-03-19 21:27:33,377.476
2025-03-19 21:27:34,435.971
2025-03-19 21:27:35,488.546
2025-03-19 21:27:36,532.903
2025-03-19 21:27:37,567.102
2025-03-19 21:27:38,589.649
2025-03-19 21:27:39,599.56
2025-03-19 21:27:40,596.4
2025-03-19 21:27:41,580.308
2025-03-19 21:27:42,551.986
2025-03-19 21:27:43,512.674
2025-03-19 21:27:44,464.089
2025-03-19 21:27:45,408.354
2025-03-19 21:27:46,347.905
2025-03-19 21:27:47,285.385
2025-03-19 21:27:48,223.525
2025-03-19 21:27:49,165.029
2025-03-19 21:27:50,112.454
2025-03-19 21:27:51,68.0979
2025-03-19 21:27:52,33.8986
2025-03-19 21:27:53,11.3507
2025-03-19 21:27:54,1.44026
2025-03-19 21:27:55,4.60029
2025-03-19 21:27:56,20.6921
2025-03-19 21:27:57,49.0131
2025-03-19 21:27:58,88.3255
2025-03-19 21:27:59,136.91
2025-03-19 21:28:00,192.645
2025-03-19 21:28:01,253.094
2025-03-19 21:28:02,315.614
2025-03-19 21:28:03,377.474
2025-03-19 21:28:04,435.97
2025-03-19 21:28:05,488.545
2025-03-19 21:28:06,532.902
2025-03-19 21:28:07,567.101
2025-03-19 21:28:08,589.649
2025-03-19 21:28:09,599.56
2025-03-19 21:28:10,596.4
2025-03-19 21:28:11,580.308
2025-03-19 21:28:12,551.987
2025-03-19 21:28:13,512.675
2025-03-19 21:28:14,464.09
2025-03-19 21:28:15,408.355
2025-03-19 21:28:16,347.907
2025-03-19 21:28:17,285.386
2025-03-19 21:28:18,223.526
2025-03-19 21:28:19,165.031
2025-03-19 21:28:20,112.456
2025-03-19 21:28:21,68.0988
2025-03-19 21:28:22,33.8992
2025-03-19 21:28:23,11.3513
2025-03-19 21:28:24,1.44026
2025-03-19 21:28:25,4.59999
2025-03-19 21:28:26,20.6915
2025-03-19 21:28:27,49.0122
2025-03-19 21:28:28,88.3243
2025-03-19 21:28:29,136.909
2025-03-19 21:28:30,192.644
2025-03-19 21:28:31,253.092
2025-03-19 21:28:32,315.613
2025-03-19 21:28:33,377.473
2025-03-19 21:28:34,435.969
2025-03-19 21:28:35,488.544
2025-03-19 21:28:36,532.901
2025-03-19 21:28:37,567.101
2025-03-19 21:28:38,589.649
2025-03-19 21:28:39,599.559
2025-03-19 21:28:40,596.4
2025-03-19 21:28:41,580.308
2025-03-19 21:28:42,551.988
2025-03-19 21:28:43,512.676
2025-03-19 21:28:44,464.091
2025-03-19 21:28:45,408.357
2025-03-19 21:28:46,347.908
2025-03-19 21:28:47,285.388
2025-03-19 21:28:48,223.528
2025-03-19 21:28:49,165.032
2025-03-19 21:28:50,112.457
2025-03-19 21:28:51,68.1
2025-03-19 21:28:53,11.3516
2025-03-19 21:28:54,1.44056
2025-03-19 21:28:55,4.59969
2025-03-19 21:28:56,20.6912
2025-03-19 21:28:57,49.0113
2025-03-19 21:28:58,88.3231
2025-03-19 21:28:59,136.908
2025-03-19 21:29:00,192.642
2025-03-19 21:29:01,253.091
2025-03-19 21:29:02,315.611
2025-03-19 21:29:03,377.471
2025-03-19 21:29:04,435.967
2025-03-19 21:29:05,488.543
2025-03-19 21:29:06,532.9
2025-03-19 21:29:07,567.1
2025-03-19 21:29:08,589.648
2025-03-19 21:29:09,599.559
2025-03-19 21:29:10,596.4
2025-03-19 21:29:11,580.309
2025-03-19 21:29:12,551.989
2025-03-19 21:29:13,512.677
2025-03-19 21:29:14,464.093
2025-03-19 21:29:15,408.358
2025-03-19 21:29:16,347.91
2025-03-19 21:29:17,285.39
2025-03-19 21:29:18,223.53
2025-03-19 21:29:19,165.033
2025-03-19 21:29:20,112.458
2025-03-19 21:29:21,68.1009
2025-03-19 21:29:22,33.9007
2025-03-19 21:29:23,11.3519
2025-03-19 21:29:24,1.44056
2025-03-19 21:29:25,4.59939
2025-03-19 21:29:26,20.6906
2025-03-19 21:29:27,49.0107
2025-03-19 21:29:28,88.3219
2025-03-19 21:29:29,136.907
2025-03-19 21:29:30,192.641
2025-03-19 21:29:31,253.089
2025-03-19 21:29:32,315.61
2025-03-19 21:29:33,377.47
2025-03-19 21:29:34,435.966
2025-03-19 21:29:35,488.541
2025-03-19 21:29:36,532.899
2025-03-19 21:29:37,567.099
2025-03-19 21:29:38,589.648
2025-03-19 21:29:39,599.559
2025-03-19 21:29:40,596.401
2025-03-19 21:29:41,580.31
2025-03-19 21:29:42,551.99
2025-03-19 21:29:43,512.679
2025-03-19 21:29:44,464.094
2025-03-19 21:29:45,408.36
2025-03-19 21:29:46,347.911
2025-03-19 21:29:47,285.391
2025-03-19 21:29:48,223.531
2025-03-19 21:29:49,165.035
2025-03-19 21:29:50,112.459
2025-03-19 21:29:51,68.1018
2025-03-19 21:29:52,33.9013
2025-03-19 21:29:53,11.3525
2025-03-19 21:29:54,1.44056
2025-03-19 21:29:55,4.59909
2025-03-19 21:29:56,20.69
2025-03-19 21:29:57,49.0099
2025-03-19 21:29:58,88.321
2025-03-19 21:29:59,136.905
2025-03-19 21:30:00,192.639
2025-03-19 21:30:01,253.088
2025-03-19 21:30:02,315.608
2025-03-19 21:30:03,377.468
2025-03-19 21:30:04,435.964
2025-03-19 21:30:05,488.54
2025-03-19 21:30:06,532.898
2025-03-19 21:30:07,567.098
2025-03-19 21:30:08,589.647
2025-03-19 21:30:09,599.559
2025-03-19 21:30:10,596.401
2025-03-19 21:30:11,580.31
2025-03-19 21:30:12,551.991
2025-03-19 21:30:13,512.68
2025-03-19 21:30:14,464.096
2025-03-19 21:30:15,408.361
2025-03-19 21:30:16,347.913
2025-03-19 21:30:17,285.393
2025-03-19 21:30:18,223.533
2025-03-19 21:30:19,165.036
2025-03-19 21:30:20,112.46
2025-03-19 21:30:21,68.103
2025-03-19 21:30:23,11.3528
2025-03-19 21:30:24,1.44086
2025-03-19 21:30:25,4.59879
2025-03-19 21:30:26,20.6894
2025-03-19 21:30:27,49.009
2025-03-19 21:30:28,88.3198
2025-03-19 21:30:29,136.904
2025-03-19 21:30:30,192.638
2025-03-19 21:30:31,253.086
2025-03-19 21:30:32,315.606
2025-03-19 21:30:33,377.466
2025-03-19 21:30:34,435.963
2025-03-19 21:30:35,488.539
2025-03-19 21:30:36,532.897
2025-03-19 21:30:37,567.098
2025-03-19 21:30:38,589.647
2025-03-19 21:30:39,599.559
2025-03-19 21:30:40,596.401
2025-03-19 21:30:41,580.311
2025-03-19 21:30:42,551.992
2025-03-19 21:30:43,512.681
2025-03-19 21:30:44,464.097
2025-03-19 21:30:45,408.363
2025-03-19 21:30:46,347.915
2025-03-19 21:30:47,285.394
2025-03-19 21:30:48,223.534
2025-03-19 21:30:49,165.038
2025-03-19 21:30:50,112.462
2025-03-19 21:30:51,68.1039
2025-03-19 21:30:52,33.9028
2025-03-19 21:30:53,11.3534
2025-03-19 21:30:54,1.44086
2025-03-19 21:30:55,4.59879
2025-03-19 21:30:56,20.6888
2025-03-19 21:30:57,49.0081
2025-03-19 21:30:58,88.3186
2025-03-19 21:30:59,136.903
2025-03-19 21:31:00,192.637
2025-03-19 21:31:01,253.085
2025-03-19 21:31:02,315.605
2025-03-19 21:31:03,377.465
2025-03-19 21:31:04,435.961
2025-03-19 21:31:05,488.537
2025-03-19 21:31:06,532.896
2025-03-19 21:31:07,567.097
2025-03-19 21:31:08,589.647
2025-03-19 21:31:09,599.559
2025-03-19 21:31:10,596.402
2025-03-19 21:31:11,580.311
2025-03-19 21:31:12,551.992
2025-03-19 21:31:13,512.682
2025-03-19 21:31:14,464.098
2025-03-19 21:31:15,408.364
2025-03-19 21:31:16,347.916
2025-03-19 21:31:17,285.396
2025-03-19 21:31:18,223.536
2025-03-19 21:31:19,165.039
2025-03-19 21:31:20,112.463
2025-03-19 21:31:21,68.1048
2025-03-19 21:31:22,33.9037
2025-03-19 21:31:23,11.3537
2025-03-19 21:31:24,1.44086
2025-03-19 21:31:25,4.59849
2025-03-19 21:31:26,20.6882
2025-03-19 21:31:27,49.0072
2025-03-19 21:31:28,88.3174
2025-03-19 21:31:29,136.901
2025-03-19 21:31:30,192.635
2025-03-19 21:31:31,253.083
2025-03-19 21:31:32,315.603
2025-03-19 21:31:33,377.463
2025-03-19 21:31:34,435.96
2025-03-19 21:31:35,488.536
2025-03-19 21:31:36,532.895
2025-03-19 21:31:37,567.096
2025-03-19 21:31:38,589.646
2025-03-19 21:31:39,599.559
2025-03-19 21:31:40,596.402
2025-03-19 21:31:41,580.312
2025-03-19 21:31:42,551.993
2025-03-19 21:31:43,512.683
2025-03-19 21:31:44,464.099
2025-03-19 21:31:45,408.366
2025-03-19 21:31:46,347.918
2025-03-19 21:31:47,285.398
2025-03-19 21:31:48,223.537
2025-03-19 21:31:49,165.041
2025-03-19 21:31:50,112.464
2025-03-19 21:31:51,33.9043
2025-03-19 21:31:53,11.354
2025-03-19 21:31:54,1.44086
2025-03-19 21:31:55,4.59819
2025-03-19 21:31:56,20.6876
2025-03-19 21:31:57,49.0063
2025-03-19 21:31:58,88.3165
2025-03-19 21:31:59,136.9
2025-03-19 21:32:00,192.634
2025-03-19 21:32:01,253.081
2025-03-19 21:32:02,315.602
2025-03-19 21:32:03,377.462
2025-03-19 21:32:04,435.959
2025-03-19 21:32:05,488.535
2025-03-19 21:32:06,532.894
2025-03-19 21:32:07,567.095
2025-03-19 21:32:08,589.646
2025-03-19 21:32:09,599.559
2025-03-19 21:32:10,596.402
2025-03-19 21:32:11,580.313
2025-03-19 21:32:12,551.994
2025-03-19 21:32:13,512.684
2025-03-19 21:32:14,464.101
2025-03-19 21:32:15,408.367
2025-03-19 21:32:16,347.92
2025-03-19 21:32:17,285.399
2025-03-19 21:32:18,223.539
2025-03-19 21:32:19,165.042
2025-03-19 21:32:20,112.466
2025-03-19 21:32:21,68.1069
2025-03-19 21:32:22,33.9049
2025-03-19 21:32:23,11.3546
2025-03-19 21:32:24,1.44116
2025-03-19 21:32:25,4.59789
2025-03-19 21:32:26,20.687
2025-03-19 21:32:27,49.0054
2025-03-19 21:32:28,88.3153
2025-03-19 21:32:29,136.898
2025-03-19 21:32:30,192.632
2025-03-19 21:32:31,253.08
2025-03-19 21:32:32,315.6
2025-03-19 21:32:33,377.46
2025-03-19 21:32:34,435.957
2025-03-19 21:32:35,488.534
2025-03-19 21:32:36,532.893
2025-03-19 21:32:37,567.095
2025-03-19 21:32:38,589.645
2025-03-19 21:32:39,599.559
2025-03-19 21:32:40,596.402
2025-03-19 21:32:41,580.313
2025-03-19 21:32:42,551.995
2025-03-19 21:32:43,512.685
2025-03-19 21:32:44,464.102
2025-03-19 21:32:45,408.369
2025-03-19 21:32:46,347.921
2025-03-19 21:32:47,285.401
2025-03-19 21:32:48,223.54
2025-03-19 21:32:49,165.044
2025-03-19 21:32:50,112.467
2025-03-19 21:32:51,68.1078
2025-03-19 21:32:52,33.9058
2025-03-19 21:32:53,11.3549
2025-03-19 21:32:54,1.44116
2025-03-19 21:32:55,4.59759
2025-03-19 21:32:56,20.6864
2025-03-19 21:32:57,49.0045
2025-03-19 21:32:58,88.3141
2025-03-19 21:32:59,136.897
2025-03-19 21:33:00,192.631
2025-03-19 21:33:01,253.078
2025-03-19 21:33:02,315.599
2025-03-19 21:33:03,377.459
2025-03-19 21:33:04,435.956
2025-03-19 21:33:05,488.533
2025-03-19 21:33:06,532.892
2025-03-19 21:33:07,567.094
2025-03-19 21:33:08,589.645
2025-03-19 21:33:09,599.559
2025-03-19 21:33:10,596.402
2025-03-19 21:33:11,580.314
2025-03-19 21:33:12,551.996
2025-03-19 21:33:13,512.686
2025-03-19 21:33:14,464.103
2025-03-19 21:33:15,408.37
2025-03-19 21:33:16,347.923
2025-03-19 21:33:17,285.402
2025-03-19 21:33:19,165.045
2025-03-19 21:33:20,112.468
2025-03-19 21:33:21,68.109
2025-03-19 21:33:22,33.9064
2025-03-19 21:33:23,11.3552
2025-03-19 21:33:24,1.44116
2025-03-19 21:33:25,4.59759
2025-03-19 21:33:26,20.6861
2025-03-19 21:33:27,49.0039
2025-03-19 21:33:28,88.3129
2025-03-19 21:33:29,136.896
2025-03-19 21:33:30,192.629
2025-03-19 21:33:31,253.077
2025-03-19 21:33:32,315.597
2025-03-19 21:33:33,377.457
2025-03-19 21:33:34,435.954
2025-03-19 21:33:35,488.531
2025-03-19 21:33:36,532.891
2025-03-19 21:33:37,567.093
2025-03-19 21:33:38,589.644
2025-03-19 21:33:39,599.559
2025-03-19 21:33:40,596.403
2025-03-19 21:33:41,580.314
2025-03-19 21:33:42,551.997
2025-03-19 21:33:43,512.688
2025-03-19 21:33:44,464.105
2025-03-19 21:33:45,408.372
2025-03-19 21:33:46,347.924
2025-03-19 21:33:47,285.404
2025-03-19 21:33:48,223.543
2025-03-19 21:33:49,165.046
2025-03-19 21:33:50,112.469
2025-03-19 21:33:51,68.1099
2025-03-19 21:33:52,33.9073
2025-03-19 21:33:53,11.3558
2025-03-19 21:33:54,1.44146
2025-03-19 21:33:55,4.59729
2025-03-19 21:33:56,20.6855
2025-03-19 21:33:57,49.003
2025-03-19 21:33:58,88.312
2025-03-19 21:33:59,136.895
2025-03-19 21:34:00,192.628
2025-03-19 21:34:01,253.075
2025-03-19 21:34:02,315.595
2025-03-19 21:34:03,377.456
2025-03-19 21:34:04,435.953
2025-03-19 21:34:05,488.53
2025-03-19 21:34:06,532.89
2025-03-19 21:34:07,567.092
2025-03-19 21:34:08,589.644
2025-03-19 21:34:09,599.559
2025-03-19 21:34:10,596.403
2025-03-19 21:34:11,580.315
2025-03-19 21:34:12,551.998
2025-03-19 21:34:13,512.689
2025-03-19 21:34:14,464.106
2025-03-19 21:34:15,408.373
2025-03-19 21:34:16,347.926
2025-03-19 21:34:17,285.405
2025-03-19 21:34:18,223.545
2025-03-19 21:34:19,165.048
2025-03-19 21:34:20,112.47
2025-03-19 21:34:21,68.1108
2025-03-19 21:34:22,33.9079
2025-03-19 21:34:23,11.3561
2025-03-19 21:34:24,1.44146
2025-03-19 21:34:25,4.59699
2025-03-19 21:34:26,20.6849
2025-03-19 21:34:27,49.0021
2025-03-19 21:34:28,88.3108
2025-03-19 21:34:29,136.893
2025-03-19 21:34:30,192.626
2025-03-19 21:34:31,253.074
2025-03-19 21:34:32,315.594
2025-03-19 21:34:33,377.454
2025-03-19 21:34:34,435.952
2025-03-19 21:34:35,488.529
2025-03-19 21:34:36,532.889
2025-03-19 21:34:37,567.092
2025-03-19 21:34:38,589.644
2025-03-19 21:34:39,599.559
2025-03-19 21:34:40,596.403
2025-03-19 21:34:41,580.315
2025-03-19 21:34:42,551.999
2025-03-19 21:34:43,512.69
2025-03-19 21:34:44,464.108
2025-03-19 21:34:45,408.375
2025-03-19 21:34:47,285.407
2025-03-19 21:34:48,223.546
2025-03-19 21:34:49,165.049
2025-03-19 21:34:50,112.472
2025-03-19 21:34:51,68.112
2025-03-19 21:34:52,33.9085
2025-03-19 21:34:53,11.3567
2025-03-19 21:34:54,1.44146
2025-03-19 21:34:55,4.5967
2025-03-19 21:34:56,20.6843
2025-03-19 21:34:57,49.0012
2025-03-19 21:34:58,88.3096
2025-03-19 21:34:59,136.892
2025-03-19 21:35:00,192.625
2025-03-19 21:35:01,253.072
2025-03-19 21:35:02,315.592
2025-03-19 21:35:03,377.453
2025-03-19 21:35:04,435.95
2025-03-19 21:35:05,488.528
2025-03-19 21:35:06,532.887
2025-03-19 21:35:07,567.091
2025-03-19 21:35:08,589.643
2025-03-19 21:35:09,599.559
2025-03-19 21:35:10,596.403
2025-03-19 21:35:11,580.316
2025-03-19 21:35:12,551.999
2025-03-19 21:35:13,512.691
2025-03-19 21:35:14,464.109
2025-03-19 21:35:15,408.376
2025-03-19 21:35:16,347.929
2025-03-19 21:35:17,285.409
2025-03-19 21:35:18,223.548
2025-03-19 21:35:19,165.051
2025-03-19 21:35:20,112.473
2025-03-19 21:35:21,68.1129
2025-03-19 21:35:22,33.9094
2025-03-19 21:35:23,11.357
2025-03-19 21:35:24,1.44146
2025-03-19 21:35:25,4.5964
2025-03-19 21:35:26,20.6837
2025-03-19 21:35:27,49.0003
2025-03-19 21:35:28,88.3084
2025-03-19 21:35:29,136.891
2025-03-19 21:35:30,192.623
2025-03-19 21:35:31,253.07
2025-03-19 21:35:32,315.591
2025-03-19 21:35:33,377.451
2025-03-19 21:35:34,435.949
2025-03-19 21:35:35,488.526
2025-03-19 21:35:36,532.887
2025-03-19 21:35:37,567.09
2025-03-19 21:35:38,589.643
2025-03-19 21:35:39,599.558
2025-03-19 21:35:40,596.404
2025-03-19 21:35:41,580.317
2025-03-19 21:35:42,552
2025-03-19 21:35:43,512.692
2025-03-19 21:35:44,464.11
2025-03-19 21:35:45,408.378
2025-03-19 21:35:46,347.93
2025-03-19 21:35:47,285.41
2025-03-19 21:35:48,223.549
2025-03-19 21:35:49,165.052
2025-03-19 21:35:50,112.474
2025-03-19 21:35:51,68.1138
2025-03-19 21:35:52,33.91
2025-03-19 21:35:53,11.3573
2025-03-19 21:35:54,1.44176
2025-03-19 21:35:55,4.5961
2025-03-19 21:35:56,20.6831
2025-03-19 21:35:57,48.9994
2025-03-19 21:35:58,88.3075
2025-03-19 21:35:59,136.889
2025-03-19 21:36:00,192.622
2025-03-19 21:36:01,253.069
2025-03-19 21:36:02,315.589
2025-03-19 21:36:03,377.45
2025-03-19 21:36:04,435.947
2025-03-19 21:36:05,488.525
2025-03-19 21:36:06,532.886
2025-03-19 21:36:07,567.09
2025-03-19 21:36:08,589.642
2025-03-19 21:36:09,599.558
2025-03-19 21:36:10,596.404
2025-03-19 21:36:11,580.317
2025-03-19 21:36:12,552.001
2025-03-19 21:36:13,512.693
2025-03-19 21:36:14,464.111
2025-03-19 21:36:15,408.379
2025-03-19 21:36:17,285.412
2025-03-19 21:36:18,223.551
2025-03-19 21:36:19,165.054
2025-03-19 21:36:20,112.475
2025-03-19 21:36:21,68.115
2025-03-19 21:36:22,33.9109
2025-03-19 21:36:23,11.3579
2025-03-19 21:36:24,1.44176
2025-03-19 21:36:25,4.5961
2025-03-19 21:36:26,20.6825
2025-03-19 21:36:27,48.9985
2025-03-19 21:36:28,88.3063
2025-03-19 21:36:29,136.888
2025-03-19 21:36:30,192.62
2025-03-19 21:36:31,253.067
2025-03-19 21:36:32,315.587
2025-03-19 21:36:33,377.448
2025-03-19 21:36:34,435.946
2025-03-19 21:36:35,488.524
2025-03-19 21:36:36,532.884
2025-03-19 21:36:37,567.089
2025-03-19 21:36:38,589.642
2025-03-19 21:36:39,599.558
2025-03-19 21:36:40,596.404
2025-03-19 21:36:41,580.318
2025-03-19 21:36:42,552.002
2025-03-19 21:36:43,512.694
2025-03-19 21:36:44,464.113
2025-03-19 21:36:45,408.38
2025-03-19 21:36:46,347.934
2025-03-19 21:36:47,285.413
2025-03-19 21:36:48,223.553
2025-03-19 21:36:49,165.055
2025-03-19 21:36:50,112.477
2025-03-19 21:36:51,68.1159
2025-03-19 21:36:52,33.9115
2025-03-19 21:36:53,11.3582
2025-03-19 21:36:54,1.44176
2025-03-19 21:36:55,4.5958
2025-03-19 21:36:56,20.6819
2025-03-19 21:36:57,48.9976
2025-03-19 21:36:58,88.3051
2025-03-19 21:36:59,136.886
2025-03-19 21:37:00,192.619
2025-03-19 21:37:01,253.066
2025-03-19 21:37:02,315.586
2025-03-19 21:37:03,377.447
2025-03-19 21:37:04,435.944
2025-03-19 21:37:05,488.523
2025-03-19 21:37:06,532.884
2025-03-19 21:37:07,567.088
2025-03-19 21:37:08,589.641
2025-03-19 21:37:09,599.558
2025-03-19 21:37:10,596.405
2025-03-19 21:37:11,580.318
2025-03-19 21:37:12,552.003
2025-03-19 21:37:13,512.695
2025-03-19 21:37:14,464.114
2025-03-19 21:37:15,408.382
2025-03-19 21:37:16,347.935
2025-03-19 21:37:17,285.415
2025-03-19 21:37:18,223.554
2025-03-19 21:37:19,165.056
2025-03-19 21:37:20,112.478
2025-03-19 21:37:21,68.1171
2025-03-19 21:37:22,33.9124
2025-03-19 21:37:23,11.3588
2025-03-19 21:37:24,1.44206
2025-03-19 21:37:25,4.5955
2025-03-19 21:37:26,20.6813
2025-03-19 21:37:27,48.9967
2025-03-19 21:37:28,88.304
2025-03-19 21:37:29,136.885
2025-03-19 21:37:30,192.617
2025-03-19 21:37:31,253.064
2025-03-19 21:37:32,315.584
2025-03-19 21:37:33,377.445
2025-03-19 21:37:34,435.943
2025-03-19 21:37:35,488.522
2025-03-19 21:37:36,532.883
2025-03-19 21:37:37,567.087
2025-03-19 21:37:38,589.641
2025-03-19 21:37:39,599.558
2025-03-19 21:37:40,596.405
2025-03-19 21:37:41,580.319
2025-03-19 21:37:42,552.004
2025-03-19 21:37:43,512.697
2025-03-19 21:37:44,464.115
2025-03-19 21:37:46,347.937
2025-03-19 21:37:47,285.417
2025-03-19 21:37:48,223.556
2025-03-19 21:37:49,165.058
2025-03-19 21:37:50,112.479
2025-03-19 21:37:51,68.1179
2025-03-19 21:37:52,33.913
2025-03-19 21:37:53,11.3591
2025-03-19 21:37:54,1.44206
2025-03-19 21:37:55,4.5952
2025-03-19 21:37:56,20.6807
2025-03-19 21:37:57,48.9961
2025-03-19 21:37:58,88.3031
2025-03-19 21:37:59,136.884
2025-03-19 21:38:00,192.616
2025-03-19 21:38:01,253.062
2025-03-19 21:38:02,315.583
2025-03-19 21:38:03,377.444
2025-03-19 21:38:04,435.942
2025-03-19 21:38:05,488.52
2025-03-19 21:38:06,532.881
2025-03-19 21:38:07,567.087
2025-03-19 21:38:08,589.641
2025-03-19 21:38:09,599.558
2025-03-19 21:38:10,596.405
2025-03-19 21:38:11,580.319
2025-03-19 21:38:12,552.005
2025-03-19 21:38:13,512.698
2025-03-19 21:38:14,464.117
2025-03-19 21:38:15,408.385
2025-03-19 21:38:16,347.938
2025-03-19 21:38:17,285.418
2025-03-19 21:38:18,223.557
2025-03-19 21:38:19,165.059
2025-03-19 21:38:20,112.48
2025-03-19 21:38:21,68.1188
2025-03-19 21:38:22,33.9136
2025-03-19 21:38:23,11.3594
2025-03-19 21:38:24,1.44206
2025-03-19 21:38:25,4.5949
2025-03-19 21:38:26,20.6804
2025-03-19 21:38:27,48.9952
2025-03-19 21:38:28,88.3019
2025-03-19 21:38:29,136.883
2025-03-19 21:38:30,192.614
2025-03-19 21:38:31,253.061
2025-03-19 21:38:32,315.581
2025-03-19 21:38:33,377.442
2025-03-19 21:38:34,435.94
2025-03-19 21:38:35,488.519
2025-03-19 21:38:36,532.881
2025-03-19 21:38:37,567.086
2025-03-19 21:38:38,589.64
2025-03-19 21:38:39,599.558
2025-03-19 21:38:40,596.405
2025-03-19 21:38:41,580.32
2025-03-19 21:38:42,552.005
2025-03-19 21:38:43,512.699
2025-03-19 21:38:44,464.118
2025-03-19 21:38:45,408.386
2025-03-19 21:38:46,347.94
2025-03-19 21:38:47,285.42
2025-03-19 21:38:48,223.559
2025-03-19 21:38:49,165.06
2025-03-19 21:38:50,112.482
2025-03-19 21:38:51,68.12
2025-03-19 21:38:52,33.9145
2025-03-19 21:38:53,11.36
2025-03-19 21:38:54,1.44236
2025-03-19 21:38:55,4.5949
2025-03-19 21:38:56,20.6798
2025-03-19 21:38:57,48.9943
2025-03-19 21:38:58,88.3007
2025-03-19 21:38:59,136.881
2025-03-19 21:39:00,192.613
2025-03-19 21:39:01,253.059
2025-03-19 21:39:02,315.579
2025-03-19 21:39:03,377.44
2025-03-19 21:39:04,435.939
2025-03-19 21:39:05,488.518
2025-03-19 21:39:06,532.88
2025-03-19 21:39:07,567.085
2025-03-19 21:39:08,589.64
2025-03-19 21:39:09,599.558
2025-03-19 21:39:10,596.405
2025-03-19 21:39:11,580.32
2025-03-19 21:39:12,552.006
2025-03-19 21:39:13,512.7
2025-03-19 21:39:14,464.12
2025-03-19 21:39:16,347.941
2025-03-19 21:39:17,285.421
2025-03-19 21:39:18,223.56
2025-03-19 21:39:19,165.062
2025-03-19 21:39:20,112.483
2025-03-19 21:39:21,68.1209
2025-03-19 21:39:22,33.9151
2025-03-19 21:39:23,11.3603
2025-03-19 21:39:24,1.44236
2025-03-19 21:39:25,4.5946
2025-03-19 21:39:26,20.6792
2025-03-19 21:39:27,48.9934
2025-03-19 21:39:28,88.2995
2025-03-19 21:39:29,136.88
2025-03-19 21:39:30,192.611
2025-03-19 21:39:31,253.058
2025-03-19 21:39:32,315.578
2025-03-19 21:39:33,377.439
2025-03-19 21:39:34,435.937
2025-03-19 21:39:35,488.517
2025-03-19 21:39:36,532.878
2025-03-19 21:39:37,567.085
2025-03-19 21:39:38,589.639
2025-03-19 21:39:39,599.558
2025-03-19 21:39:40,596.406
2025-03-19 21:39:41,580.321
2025-03-19 21:39:42,552.007
2025-03-19 21:39:43,512.701
2025-03-19 21:39:44,464.121
2025-03-19 21:39:45,408.389
2025-03-19 21:39:46,347.943
2025-03-19 21:39:47,285.423
2025-03-19 21:39:48,223.562
2025-03-19 21:39:49,165.063
2025-03-19 21:39:50,112.484
2025-03-19 21:39:51,68.1218
2025-03-19 21:39:52,33.9159
2025-03-19 21:39:53,11.3606
2025-03-19 21:39:54,1.44236
2025-03-19 21:39:55,4.5943
2025-03-19 21:39:56,20.6786
2025-03-19 21:39:57,48.9925
2025-03-19 21:39:58,88.2986
2025-03-19 21:39:59,136.879
2025-03-19 21:40:00,192.61
2025-03-19 21:40:01,253.056
2025-03-19 21:40:02,315.576
2025-03-19 21:40:03,377.437
2025-03-19 21:40:04,435.936
2025-03-19 21:40:05,488.515
2025-03-19 21:40:06,532.878
2025-03-19 21:40:07,567.084
2025-03-19 21:40:08,589.639
2025-03-19 21:40:09,599.558
2025-03-19 21:40:10,596.406
2025-03-19 21:40:11,580.322
2025-03-19 21:40:12,552.008
2025-03-19 21:40:13,512.702
2025-03-19 21:40:14,464.122
2025-03-19 21:40:15,408.391
2025-03-19 21:40:16,347.944
2025-03-19 21:40:17,285.425
2025-03-19 21:40:18,223.563
2025-03-19 21:40:19,165.065
2025-03-19 21:40:20,112.485
2025-03-19 21:40:21,68.123
2025-03-19 21:40:22,33.9165
2025-03-19 21:40:23,11.3612
2025-03-19 21:40:24,1.44236
2025-03-19 21:40:25,4.594
2025-03-19 21:40:26,20.678
2025-03-19 21:40:27,48.9916
2025-03-19 21:40:28,88.2974
2025-03-19 21:40:29,136.877
2025-03-19 21:40:30,192.608
2025-03-19 21:40:31,253.055
2025-03-19 21:40:32,315.575
2025-03-19 21:40:33,377.436
2025-03-19 21:40:34,435.934
2025-03-19 21:40:35,488.514
2025-03-19 21:40:36,532.877
2025-03-19 21:40:37,567.083
2025-03-19 21:40:38,589.638
2025-03-19 21:40:39,599.557
2025-03-19 21:40:40,596.406
2025-03-19 21:40:41,580.322
2025-03-19 21:40:42,552.009
2025-03-19 21:40:43,512.703
2025-03-19 21:40:45,408.392
2025-03-19 21:40:46,347.946
2025-03-19 21:40:47,285.426
2025-03-19 21:40:48,223.565
2025-03-19 21:40:49,165.066
2025-03-19 21:40:50,112.486
2025-03-19 21:40:51,68.1239
2025-03-19 21:40:52,33.9171
2025-03-19 21:40:53,11.3615
2025-03-19 21:40:54,1.44266
2025-03-19 21:40:55,4.5937
2025-03-19 21:40:56,20.6774
2025-03-19 21:40:57,48.9907
2025-03-19 21:40:58,88.2962
2025-03-19 21:40:59,136.876
2025-03-19 21:41:00,192.607
2025-03-19 21:41:01,253.053
2025-03-19 21:41:02,315.573
2025-03-19 21:41:03,377.434
2025-03-19 21:41:04,435.933
2025-03-19 21:41:05,488.513
2025-03-19 21:41:06,532.875
2025-03-19 21:41:07,567.082
2025-03-19 21:41:08,589.638
2025-03-19 21:41:09,599.557
2025-03-19 21:41:10,596.406
2025-03-19 21:41:11,580.323
2025-03-19 21:41:12,552.01
2025-03-19 21:41:13,512.704
2025-03-19 21:41:14,464.125
2025-03-19 21:41:15,408.394
2025-03-19 21:41:16,347.948
2025-03-19 21:41:17,285.428
2025-03-19 21:41:18,223.567
2025-03-19 21:41:19,165.068
2025-03-19 21:41:20,112.488
2025-03-19 21:41:21,68.1248
2025-03-19 21:41:22,33.918
2025-03-19 21:41:23,11.3621
2025-03-19 21:41:24,1.44266
2025-03-19 21:41:25,4.5934
2025-03-19 21:41:26,20.6769
2025-03-19 21:41:27,48.9898
2025-03-19 21:41:28,88.295
2025-03-19 21:41:29,136.874
2025-03-19 21:41:30,192.605
2025-03-19 21:41:31,253.052
2025-03-19 21:41:32,315.571
2025-03-19 21:41:33,377.433
2025-03-19 21:41:34,435.932
2025-03-19 21:41:35,488.512
2025-03-19 21:41:36,532.875
2025-03-19 21:41:37,567.082
2025-03-19 21:41:38,589.638
2025-03-19 21:41:39,599.557
2025-03-19 21:41:40,596.407
2025-03-19 21:41:41,580.323
2025-03-19 21:41:42,552.011
2025-03-19 21:41:43,512.705
2025-03-19 21:41:44,464.126
2025-03-19 21:41:45,408.395
2025-03-19 21:41:46,347.949
2025-03-19 21:41:47,285.429
2025-03-19 21:41:48,223.568
2025-03-19 21:41:49,165.069
2025-03-19 21:41:50,112.489
2025-03-19 21:41:51,68.126
2025-03-19 21:41:52,33.9186
2025-03-19 21:41:53,11.3624
2025-03-19 21:41:54,1.44266
2025-03-19 21:41:55,4.5934
2025-03-19 21:41:56,20.6763
2025-03-19 21:41:57,48.9892
2025-03-19 21:41:58,88.2941
2025-03-19 21:41:59,136.873
2025-03-19 21:42:00,192.604
2025-03-19 21:42:01,253.05
2025-03-19 21:42:02,315.57
2025-03-19 21:42:03,377.431
2025-03-19 21:42:04,435.93
2025-03-19 21:42:05,488.511
2025-03-19 21:42:06,532.874
2025-03-19 21:42:07,567.081
2025-03-19 21:42:08,589.637
2025-03-19 21:42:09,599.557
2025-03-19 21:42:10,596.407
2025-03-19 21:42:11,580.324
2025-03-19 21:42:12,552.011
2025-03-19 21:42:13,512.707
2025-03-19 21:42:15,408.397
2025-03-19 21:42:16,347.951
2025-03-19 21:42:17,285.431
2025-03-19 21:42:18,223.57
2025-03-19 21:42:19,165.07
2025-03-19 21:42:20,112.49
2025-03-19 21:42:21,68.1269
2025-03-19 21:42:22,33.9195
2025-03-19 21:42:23,11.3627
2025-03-19 21:42:24,1.44296
2025-03-19 21:42:25,4.5931
2025-03-19 21:42:26,20.6757
2025-03-19 21:42:27,48.9883
2025-03-19 21:42:28,88.2929
2025-03-19 21:42:29,136.872
2025-03-19 21:42:30,192.602
2025-03-19 21:42:31,253.048
2025-03-19 21:42:32,315.568
2025-03-19 21:42:33,377.43
2025-03-19 21:42:34,435.929
2025-03-19 21:42:35,488.509
2025-03-19 21:42:36,532.872
2025-03-19 21:42:37,567.08
2025-03-19 21:42:38,589.637
2025-03-19 21:42:39,599.557
2025-03-19 21:42:40,596.407
2025-03-19 21:42:41,580.324
2025-03-19 21:42:42,552.012
2025-03-19 21:42:43,512.708
2025-03-19 21:42:44,464.129
2025-03-19 21:42:45,408.398
2025-03-19 21:42:46,347.952
2025-03-19 21:42:47,285.432
2025-03-19 21:42:48,223.571
2025-03-19 21:42:49,165.072
2025-03-19 21:42:50,112.492
2025-03-19 21:42:51,68.1278
2025-03-19 21:42:52,33.9201
2025-03-19 21:42:53,11.3633
2025-03-19 21:42:54,1.44296
2025-03-19 21:42:55,4.5928
2025-03-19 21:42:56,20.6754
2025-03-19 21:42:57,48.9874
2025-03-19 21:42:58,88.2917
2025-03-19 21:42:59,136.871
2025-03-19 21:43:00,192.601
2025-03-19 21:43:01,253.047
2025-03-19 21:43:02,315.567
2025-03-19 21:43:03,377.428
2025-03-19 21:43:04,435.927
2025-03-19 21:43:05,488.508
2025-03-19 21:43:06,532.872
2025-03-19 21:43:07,567.08
2025-03-19 21:43:08,589.637
2025-03-19 21:43:09,599.557
2025-03-19 21:43:10,596.407
2025-03-19 21:43:11,580.325
2025-03-19 21:43:12,552.013
2025-03-19 21:43:13,512.709
2025-03-19 21:43:14,464.13
2025-03-19 21:43:15,408.4
2025-03-19 21:43:16,347.954
2025-03-19 21:43:17,285.434
2025-03-19 21:43:18,223.573
2025-03-19 21:43:19,165.073
2025-03-19 21:43:20,112.493
2025-03-19 21:43:21,68.129
2025-03-19 21:43:22,33.921
2025-03-19 21:43:23,11.3636
2025-03-19 21:43:24,1.44296
2025-03-19 21:43:25,4.5925
2025-03-19 21:43:26,20.6748
2025-03-19 21:43:27,48.9865
2025-03-19 21:43:28,88.2905
2025-03-19 21:43:29,136.869
2025-03-19 21:43:30,192.599
2025-03-19 21:43:31,253.045
2025-03-19 21:43:32,315.565
2025-03-19 21:43:33,377.427
2025-03-19 21:43:34,435.926
2025-03-19 21:43:35,488.507
2025-03-19 21:43:36,532.871
2025-03-19 21:43:37,567.079
2025-03-19 21:43:38,589.636
2025-03-19 21:43:39,599.557
2025-03-19 21:43:40,596.407
2025-03-19 21:43:41,580.326
2025-03-19 21:43:42,552.014
2025-03-19 21:43:44,464.132
2025-03-19 21:43:45,408.401
2025-03-19 21:43:46,347.955
2025-03-19 21:43:47,285.436
2025-03-19 21:43:48,223.574
2025-03-19 21:43:49,165.075
2025-03-19 21:43:50,112.494
2025-03-19 21:43:51,68.1299
2025-03-19 21:43:52,33.9216
2025-03-19 21:43:53,11.3642
2025-03-19 21:43:54,1.44296
2025-03-19 21:43:55,4.5922
2025-03-19 21:43:56,20.6742
2025-03-19 21:43:57,48.9856
2025-03-19 21:43:58,88.2896
2025-03-19 21:43:59,136.868
2025-03-19 21:44:00,192.598
2025-03-19 21:44:01,253.044
2025-03-19 21:44:02,315.564
2025-03-19 21:44:03,377.425
2025-03-19 21:44:04,435.925
2025-03-19 21:44:05,488.505
2025-03-19 21:44:06,532.869
2025-03-19 21:44:07,567.078
2025-03-19 21:44:08,589.636
2025-03-19 21:44:09,599.557
2025-03-19 21:44:10,596.408
2025-03-19 21:44:11,580.326
2025-03-19 21:44:12,552.015
2025-03-19 21:44:13,512.711
2025-03-19 21:44:14,464.133
2025-03-19 21:44:15,408.403
2025-03-19 21:44:16,347.957
2025-03-19 21:44:17,285.437
2025-03-19 21:44:18,223.576
2025-03-19 21:44:19,165.076
2025-03-19 21:44:20,112.495
2025-03-19 21:44:21,68.1308
2025-03-19 21:44:22,33.9222
2025-03-19 21:44:23,11.3645
2025-03-19 21:44:24,1.44326
2025-03-19 21:44:25,4.5922
2025-03-19 21:44:26,20.6736
2025-03-19 21:44:27,48.9847
2025-03-19 21:44:28,88.2884
2025-03-19 21:44:29,136.867
2025-03-19 21:44:30,192.596
2025-03-19 21:44:31,253.042
2025-03-19 21:44:32,315.562
2025-03-19 21:44:33,377.424
2025-03-19 21:44:34,435.923
2025-03-19 21:44:35,488.504
2025-03-19 21:44:36,532.869
2025-03-19 21:44:37,567.077
2025-03-19 21:44:38,589.635
2025-03-19 21:44:39,599.557
2025-03-19 21:44:40,596.408
2025-03-19 21:44:41,580.327
2025-03-19 21:44:42,552.016
2025-03-19 21:44:43,512.712
2025-03-19 21:44:44,464.134
2025-03-19 21:44:45,408.404
2025-03-19 21:44:46,347.959
2025-03-19 21:44:47,285.439
2025-03-19 21:44:48,223.577
2025-03-19 21:44:49,165.077
2025-03-19 21:44:50,112.496
2025-03-19 21:44:51,68.132
2025-03-19 21:44:52,33.9231
2025-03-19 21:44:53,11.3648
2025-03-19 21:44:54,1.44326
2025-03-19 21:44:55,4.5919
2025-03-19 21:44:56,20.673
2025-03-19 21:44:57,48.9838
2025-03-19 21:44:58,88.2872
2025-03-19 21:44:59,136.865
2025-03-19 21:45:00,192.595
2025-03-19 21:45:01,253.041
2025-03-19 21:45:02,315.56
2025-03-19 21:45:03,377.422
2025-03-19 21:45:04,435.922
2025-03-19 21:45:05,488.503
2025-03-19 21:45:06,532.868
2025-03-19 21:45:07,567.077
2025-03-19 21:45:08,589.635
2025-03-19 21:45:09,599.557
2025-03-19 21:45:10,596.408
2025-03-19 21:45:11,580.327
2025-03-19 21:45:13,512.713
2025-03-19 21:45:14,464.135
2025-03-19 21:45:15,408.406
2025-03-19 21:45:16,347.96
2025-03-19 21:45:17,285.44
2025-03-19 21:45:18,223.579
2025-03-19 21:45:19,165.079
2025-03-19 21:45:20,112.498
2025-03-19 21:45:21,68.1329
2025-03-19 21:45:22,33.9237
2025-03-19 21:45:23,11.3654
2025-03-19 21:45:24,1.44326
2025-03-19 21:45:25,4.5916
2025-03-19 21:45:26,20.6724
2025-03-19 21:45:27,48.9829
2025-03-19 21:45:28,88.286
2025-03-19 21:45:29,136.864
2025-03-19 21:45:30,192.593
2025-03-19 21:45:31,253.039
2025-03-19 21:45:32,315.559
2025-03-19 21:45:33,377.421
2025-03-19 21:45:34,435.92
2025-03-19 21:45:35,488.502
2025-03-19 21:45:36,532.866
2025-03-19 21:45:37,567.076
2025-03-19 21:45:38,589.635
2025-03-19 21:45:39,599.557
2025-03-19 21:45:40,596.409
2025-03-19 21:45:41,580.328
2025-03-19 21:45:42,552.017
2025-03-19 21:45:43,512.714
2025-03-19 21:45:44,464.137
2025-03-19 21:45:45,408.407
2025-03-19 21:45:46,347.962
2025-03-19 21:45:47,285.442
2025-03-19 21:45:48,223.58
2025-03-19 21:45:49,165.08
2025-03-19 21:45:50,112.499
2025-03-19 21:45:51,68.1338
2025-03-19 21:45:52,33.9246
2025-03-19 21:45:53,11.3657
2025-03-19 21:45:54,1.44356
2025-03-19 21:45:55,4.5913
2025-03-19 21:45:56,20.6718
2025-03-19 21:45:57,48.982
2025-03-19 21:45:58,88.2851
2025-03-19 21:45:59,136.862
2025-03-19 21:46:00,192.592
2025-03-19 21:46:01,253.037
2025-03-19 21:46:02,315.557
2025-03-19 21:46:03,377.419
2025-03-19 21:46:04,435.919
2025-03-19 21:46:05,488.501
2025-03-19 21:46:06,532.866
2025-03-19 21:46:07,567.075
2025-03-19 21:46:08,589.634
2025-03-19 21:46:09,599.556
2025-03-19 21:46:10,596.409
2025-03-19 21:46:11,580.329
2025-03-19 21:46:12,552.018
2025-03-19 21:46:13,512.716
2025-03-19 21:46:14,464.138
2025-03-19 21:46:15,408.409
2025-03-19 21:46:16,347.963
2025-03-19 21:46:17,285.444
