timestamp,latency
2025-03-19 20:59:00,79.9
2025-03-19 20:59:01,79.8
2025-03-19 20:59:02,79.9
2025-03-19 20:59:03,79.5
2025-03-19 20:59:04,79.6
2025-03-19 20:59:05,79.7
2025-03-19 20:59:06,79.4
2025-03-19 20:59:07,79.8
2025-03-19 20:59:08,79.5
2025-03-19 20:59:09,79.5
2025-03-19 20:59:10,676
2025-03-19 20:59:11,660
2025-03-19 20:59:12,631
2025-03-19 20:59:13,593
2025-03-19 20:59:14,544
2025-03-19 20:59:15,488
2025-03-19 20:59:16,427
2025-03-19 20:59:17,365
2025-03-19 20:59:18,303
2025-03-19 20:59:19,244
2025-03-19 20:59:20,192
2025-03-19 20:59:21,148
2025-03-19 20:59:22,113
2025-03-19 20:59:23,91.3
2025-03-19 20:59:24,81.6
2025-03-19 20:59:25,83.9
2025-03-19 20:59:26,84.2
2025-03-19 20:59:27,100
2025-03-19 20:59:28,129
2025-03-19 20:59:29,168
2025-03-19 20:59:30,217
2025-03-19 20:59:31,272
2025-03-19 20:59:32,333
2025-03-19 20:59:33,395
2025-03-19 20:59:34,457
2025-03-19 20:59:35,516
2025-03-19 20:59:36,568
2025-03-19 20:59:37,612
2025-03-19 20:59:38,647
2025-03-19 20:59:39,670
2025-03-19 20:59:40,679
2025-03-19 20:59:41,676
2025-03-19 20:59:42,660
2025-03-19 20:59:43,632
2025-03-19 20:59:44,592
2025-03-19 20:59:45,544
2025-03-19 20:59:46,488
2025-03-19 20:59:47,428
2025-03-19 20:59:48,365
2025-03-19 20:59:49,303
2025-03-19 20:59:50,245
2025-03-19 20:59:51,192
2025-03-19 20:59:52,148
2025-03-19 20:59:53,114
2025-03-19 20:59:54,91.3
2025-03-19 20:59:55,80.8
2025-03-19 20:59:56,84.0
2025-03-19 20:59:57,101
2025-03-19 20:59:58,129
2025-03-19 20:59:59,168
2025-03-19 21:00:00,216
2025-03-19 21:00:01,273
2025-03-19 21:00:02,333
2025-03-19 21:00:03,395
2025-03-19 21:00:04,457
2025-03-19 21:00:05,516
2025-03-19 21:00:06,568
2025-03-19 21:00:07,613
2025-03-19 21:00:08,647
2025-03-19 21:00:09,669
2025-03-19 21:00:10,679
2025-03-19 21:00:11,676
2025-03-19 21:00:12,660
2025-03-19 21:00:13,631
2025-03-19 21:00:14,592
2025-03-19 21:00:15,544
2025-03-19 21:00:16,488
2025-03-19 21:00:17,428
2025-03-19 21:00:18,365
2025-03-19 21:00:19,303
2025-03-19 21:00:20,245
2025-03-19 21:00:21,192
2025-03-19 21:00:22,147
2025-03-19 21:00:23,113
2025-03-19 21:00:24,91.3
2025-03-19 21:00:25,80.8
2025-03-19 21:00:26,84.1
2025-03-19 21:00:27,100
2025-03-19 21:00:28,129
2025-03-19 21:00:29,168
2025-03-19 21:00:30,217
2025-03-19 21:00:31,273
2025-03-19 21:00:32,333
2025-03-19 21:00:33,396
2025-03-19 21:00:34,516
2025-03-19 21:00:35,568
2025-03-19 21:00:36,613
2025-03-19 21:00:37,647
2025-03-19 21:00:38,670
2025-03-19 21:00:39,679
2025-03-19 21:00:40,676
2025-03-19 21:00:41,660
2025-03-19 21:00:42,632
2025-03-19 21:00:43,592
2025-03-19 21:00:44,544
2025-03-19 21:00:45,488
2025-03-19 21:00:46,427
2025-03-19 21:00:47,365
2025-03-19 21:00:48,303
2025-03-19 21:00:49,244
2025-03-19 21:00:50,192
2025-03-19 21:00:51,148
2025-03-19 21:00:52,113
2025-03-19 21:00:53,91.1
2025-03-19 21:00:54,81.8
2025-03-19 21:00:55,84.3
2025-03-19 21:00:56,100
2025-03-19 21:00:57,129
2025-03-19 21:00:58,168
2025-03-19 21:00:59,217
2025-03-19 21:01:00,272
2025-03-19 21:01:01,333
2025-03-19 21:01:02,396
2025-03-19 21:01:03,457
2025-03-19 21:01:04,516
2025-03-19 21:01:05,516
2025-03-19 21:01:06,568
2025-03-19 21:01:07,612
2025-03-19 21:01:08,647
2025-03-19 21:01:09,669
2025-03-19 21:01:10,679
2025-03-19 21:01:11,676
2025-03-19 21:01:12,660
2025-03-19 21:01:13,632
2025-03-19 21:01:14,592
2025-03-19 21:01:15,544
2025-03-19 21:01:16,488
2025-03-19 21:01:17,428
2025-03-19 21:01:18,365
2025-03-19 21:01:19,303
2025-03-19 21:01:20,246
2025-03-19 21:01:21,192
2025-03-19 21:01:22,147
2025-03-19 21:01:23,113
2025-03-19 21:01:24,91.0
2025-03-19 21:01:25,81.1
2025-03-19 21:01:26,84.1
2025-03-19 21:01:27,100
2025-03-19 21:01:28,129
2025-03-19 21:01:29,168
2025-03-19 21:01:30,217
2025-03-19 21:01:31,273
2025-03-19 21:01:32,333
2025-03-19 21:01:33,395
2025-03-19 21:01:34,457
2025-03-19 21:01:35,516
2025-03-19 21:01:36,568
2025-03-19 21:01:37,613
2025-03-19 21:01:38,647
2025-03-19 21:01:40,669
2025-03-19 21:01:41,680
2025-03-19 21:01:42,676
2025-03-19 21:01:43,660
2025-03-19 21:01:43,632
2025-03-19 21:01:44,592
2025-03-19 21:01:45,544
2025-03-19 21:01:46,488
2025-03-19 21:01:47,428
2025-03-19 21:01:48,365
2025-03-19 21:01:49,303
2025-03-19 21:01:50,245
2025-03-19 21:01:51,192
2025-03-19 21:01:52,148
2025-03-19 21:01:53,113
2025-03-19 21:01:54,91.0
2025-03-19 21:01:55,80.8
2025-03-19 21:01:56,84.1
2025-03-19 21:01:57,100
2025-03-19 21:01:58,129
2025-03-19 21:01:59,168
2025-03-19 21:02:00,217
2025-03-19 21:02:01,272
2025-03-19 21:02:02,333
2025-03-19 21:02:03,395
2025-03-19 21:02:04,515
2025-03-19 21:02:05,568
2025-03-19 21:02:06,612
2025-03-19 21:02:08,647
2025-03-19 21:02:09,670
2025-03-19 21:02:10,679
2025-03-19 21:02:11,676
2025-03-19 21:02:12,660
2025-03-19 21:02:13,632
2025-03-19 21:02:13,592
2025-03-19 21:02:14,544
2025-03-19 21:02:15,488
2025-03-19 21:02:16,428
2025-03-19 21:02:17,365
2025-03-19 21:02:18,303
2025-03-19 21:02:19,245
2025-03-19 21:02:20,192
2025-03-19 21:02:21,148
2025-03-19 21:02:22,114
2025-03-19 21:02:23,91.3
2025-03-19 21:02:24,81.0
2025-03-19 21:02:25,84.4
2025-03-19 21:02:26,100
2025-03-19 21:02:27,129
2025-03-19 21:02:28,168
2025-03-19 21:02:29,217
2025-03-19 21:02:30,272
2025-03-19 21:02:31,333
2025-03-19 21:02:32,395
2025-03-19 21:02:33,457
2025-03-19 21:02:34,516
2025-03-19 21:02:35,568
2025-03-19 21:02:37,612
2025-03-19 21:02:38,647
2025-03-19 21:02:39,670
2025-03-19 21:02:40,679
2025-03-19 21:02:41,676
2025-03-19 21:02:42,660
2025-03-19 21:02:43,663
2025-03-19 21:02:44,632
2025-03-19 21:02:44,592
2025-03-19 21:02:45,544
2025-03-19 21:02:46,488
2025-03-19 21:02:47,428
2025-03-19 21:02:48,365
2025-03-19 21:02:49,303
2025-03-19 21:02:50,245
2025-03-19 21:02:51,192
2025-03-19 21:02:52,148
2025-03-19 21:02:53,114
2025-03-19 21:02:54,91.1
2025-03-19 21:02:55,81.1
2025-03-19 21:02:56,84.3
2025-03-19 21:02:57,101
2025-03-19 21:02:58,130
2025-03-19 21:02:59,168
2025-03-19 21:03:00,217
2025-03-19 21:03:01,273
2025-03-19 21:03:02,333
2025-03-19 21:03:03,396
2025-03-19 21:03:04,457
2025-03-19 21:03:05,516
2025-03-19 21:03:06,569
2025-03-19 21:03:08,613
2025-03-19 21:03:09,647
2025-03-19 21:03:10,670
2025-03-19 21:03:11,680
2025-03-19 21:03:12,676
2025-03-19 21:03:13,660
2025-03-19 21:03:14,632
2025-03-19 21:03:15,592
2025-03-19 21:03:15,544
2025-03-19 21:03:16,488
2025-03-19 21:03:17,428
2025-03-19 21:03:18,365
2025-03-19 21:03:19,303
2025-03-19 21:03:20,245
2025-03-19 21:03:21,192
2025-03-19 21:03:22,148
2025-03-19 21:03:23,114
2025-03-19 21:03:24,91.1
2025-03-19 21:03:25,81.4
2025-03-19 21:03:26,84.5
2025-03-19 21:03:27,101
2025-03-19 21:03:28,129
2025-03-19 21:03:29,168
2025-03-19 21:03:30,217
2025-03-19 21:03:31,273
2025-03-19 21:03:32,333
2025-03-19 21:03:33,457
2025-03-19 21:03:34,516
2025-03-19 21:03:36,568
2025-03-19 21:03:37,613
2025-03-19 21:03:38,647
2025-03-19 21:03:39,670
2025-03-19 21:03:40,679
2025-03-19 21:03:41,676
2025-03-19 21:03:42,660
2025-03-19 21:03:43,632
2025-03-19 21:03:44,593
2025-03-19 21:03:44,544
2025-03-19 21:03:45,488
2025-03-19 21:03:46,428
2025-03-19 21:03:47,365
2025-03-19 21:03:48,303
2025-03-19 21:03:49,245
2025-03-19 21:03:50,192
2025-03-19 21:03:51,148
2025-03-19 21:03:52,114
2025-03-19 21:03:53,91.3
2025-03-19 21:03:54,81.5
2025-03-19 21:03:55,84.2
2025-03-19 21:03:56,101
2025-03-19 21:03:57,129
2025-03-19 21:03:58,168
2025-03-19 21:03:59,217
2025-03-19 21:04:00,272
2025-03-19 21:04:01,333
2025-03-19 21:04:02,395
2025-03-19 21:04:03,458
2025-03-19 21:04:04,515
2025-03-19 21:04:06,568
2025-03-19 21:04:07,612
2025-03-19 21:04:08,647
2025-03-19 21:04:09,669
2025-03-19 21:04:10,679
2025-03-19 21:04:11,676
2025-03-19 21:04:12,660
2025-03-19 21:04:13,631
2025-03-19 21:04:14,592
2025-03-19 21:04:15,544
2025-03-19 21:04:15,488
2025-03-19 21:04:16,428
2025-03-19 21:04:17,365
2025-03-19 21:04:18,365
2025-03-19 21:04:19,303
2025-03-19 21:04:20,245
2025-03-19 21:04:21,192
2025-03-19 21:04:22,148
2025-03-19 21:04:23,114
2025-03-19 21:04:24,91.0
2025-03-19 21:04:25,81.3
2025-03-19 21:04:26,84.3
2025-03-19 21:04:27,101
2025-03-19 21:04:28,129
2025-03-19 21:04:29,168
2025-03-19 21:04:30,217
2025-03-19 21:04:31,272
2025-03-19 21:04:32,333
2025-03-19 21:04:33,395
2025-03-19 21:04:34,457
2025-03-19 21:04:36,516
2025-03-19 21:04:37,569
2025-03-19 21:04:38,613
2025-03-19 21:04:39,647
2025-03-19 21:04:40,670
2025-03-19 21:04:41,679
2025-03-19 21:04:42,676
2025-03-19 21:04:43,662
2025-03-19 21:04:44,632
2025-03-19 21:04:45,593
2025-03-19 21:04:46,544
2025-03-19 21:04:46,488
2025-03-19 21:04:47,428
2025-03-19 21:04:48,365
2025-03-19 21:04:49,303
2025-03-19 21:04:50,245
2025-03-19 21:04:51,192
2025-03-19 21:04:52,148
2025-03-19 21:04:53,114
2025-03-19 21:04:54,91.0
2025-03-19 21:04:55,81.0
2025-03-19 21:04:56,84.6
2025-03-19 21:04:57,100
2025-03-19 21:04:58,129
2025-03-19 21:04:59,168
2025-03-19 21:05:00,217
2025-03-19 21:05:01,273
2025-03-19 21:05:02,396
2025-03-19 21:05:03,457
2025-03-19 21:05:05,516
2025-03-19 21:05:06,568
2025-03-19 21:05:07,613
2025-03-19 21:05:08,647
2025-03-19 21:05:09,670
2025-03-19 21:05:10,679
2025-03-19 21:05:11,676
2025-03-19 21:05:12,660
2025-03-19 21:05:13,632
2025-03-19 21:05:14,592
2025-03-19 21:05:15,544
2025-03-19 21:05:16,488
2025-03-19 21:05:16,427
2025-03-19 21:05:17,365
2025-03-19 21:05:18,303
2025-03-19 21:05:19,245
2025-03-19 21:05:20,192
2025-03-19 21:05:21,148
2025-03-19 21:05:22,114
2025-03-19 21:05:23,94.8
2025-03-19 21:05:24,81.7
2025-03-19 21:05:25,84.5
2025-03-19 21:05:26,101
2025-03-19 21:05:27,129
2025-03-19 21:05:28,168
2025-03-19 21:05:29,217
2025-03-19 21:05:30,274
2025-03-19 21:05:31,333
2025-03-19 21:05:32,396
2025-03-19 21:05:33,457
2025-03-19 21:05:35,516
2025-03-19 21:05:36,568
2025-03-19 21:05:37,613
2025-03-19 21:05:38,647
2025-03-19 21:05:39,669
2025-03-19 21:05:40,679
2025-03-19 21:05:41,676
2025-03-19 21:05:42,660
2025-03-19 21:05:43,632
2025-03-19 21:05:44,593
2025-03-19 21:05:45,544
2025-03-19 21:05:46,488
2025-03-19 21:05:46,428
2025-03-19 21:05:47,366
2025-03-19 21:05:48,303
2025-03-19 21:05:49,245
2025-03-19 21:05:50,192
2025-03-19 21:05:51,148
2025-03-19 21:05:52,114
2025-03-19 21:05:53,91.0
2025-03-19 21:05:54,90.7
2025-03-19 21:05:55,80.7
2025-03-19 21:05:56,85.0
2025-03-19 21:05:57,101
2025-03-19 21:05:58,128
2025-03-19 21:05:59,168
2025-03-19 21:06:00,216
2025-03-19 21:06:01,273
2025-03-19 21:06:02,333
2025-03-19 21:06:03,396
2025-03-19 21:06:05,457
2025-03-19 21:06:06,516
2025-03-19 21:06:07,568
2025-03-19 21:06:08,613
2025-03-19 21:06:09,648
2025-03-19 21:06:10,669
2025-03-19 21:06:11,679
2025-03-19 21:06:12,676
2025-03-19 21:06:13,660
2025-03-19 21:06:14,632
2025-03-19 21:06:15,592
2025-03-19 21:06:16,544
2025-03-19 21:06:17,489
2025-03-19 21:06:17,427
2025-03-19 21:06:18,365
2025-03-19 21:06:19,303
2025-03-19 21:06:20,245
2025-03-19 21:06:21,192
2025-03-19 21:06:22,148
2025-03-19 21:06:23,113
2025-03-19 21:06:24,91.1
2025-03-19 21:06:25,81.1
2025-03-19 21:06:26,84.3
2025-03-19 21:06:27,100
2025-03-19 21:06:28,129
2025-03-19 21:06:29,168
2025-03-19 21:06:30,217
2025-03-19 21:06:31,333
2025-03-19 21:06:32,395
2025-03-19 21:06:34,457
2025-03-19 21:06:35,519
2025-03-19 21:06:36,568
2025-03-19 21:06:37,613
2025-03-19 21:06:38,647
2025-03-19 21:06:39,669
2025-03-19 21:06:40,679
2025-03-19 21:06:41,676
2025-03-19 21:06:42,660
2025-03-19 21:06:43,631
2025-03-19 21:06:44,592
2025-03-19 21:06:45,544
2025-03-19 21:06:46,488
2025-03-19 21:06:47,427
2025-03-19 21:06:47,365
2025-03-19 21:06:48,303
2025-03-19 21:06:49,244
2025-03-19 21:06:50,192
2025-03-19 21:06:51,148
2025-03-19 21:06:52,114
2025-03-19 21:06:53,90.7
2025-03-19 21:06:54,81.0
2025-03-19 21:06:55,83.9
2025-03-19 21:06:56,100
2025-03-19 21:06:57,129
2025-03-19 21:06:58,168
2025-03-19 21:06:59,216
2025-03-19 21:07:00,272
2025-03-19 21:07:01,333
2025-03-19 21:07:02,395
2025-03-19 21:07:04,457
2025-03-19 21:07:05,516
2025-03-19 21:07:06,568
2025-03-19 21:07:07,613
2025-03-19 21:07:08,647
2025-03-19 21:07:09,669
2025-03-19 21:07:10,679
2025-03-19 21:07:11,676
2025-03-19 21:07:12,660
2025-03-19 21:07:13,632
2025-03-19 21:07:14,593
2025-03-19 21:07:15,544
2025-03-19 21:07:16,488
2025-03-19 21:07:17,428
2025-03-19 21:07:17,365
2025-03-19 21:07:18,303
2025-03-19 21:07:19,244
2025-03-19 21:07:20,192
2025-03-19 21:07:21,147
2025-03-19 21:07:22,114
2025-03-19 21:07:23,90.7
2025-03-19 21:07:24,81.0
2025-03-19 21:07:25,83.9
2025-03-19 21:07:26,100
2025-03-19 21:07:27,128
2025-03-19 21:07:28,168
2025-03-19 21:07:29,168
2025-03-19 21:07:30,217
2025-03-19 21:07:31,272
2025-03-19 21:07:32,333
2025-03-19 21:07:34,395
2025-03-19 21:07:35,457
2025-03-19 21:07:36,515
2025-03-19 21:07:37,568
2025-03-19 21:07:38,613
2025-03-19 21:07:39,647
2025-03-19 21:07:40,670
2025-03-19 21:07:41,679
2025-03-19 21:07:42,676
2025-03-19 21:07:43,660
2025-03-19 21:07:44,632
2025-03-19 21:07:45,592
2025-03-19 21:07:46,544
2025-03-19 21:07:47,488
2025-03-19 21:07:48,428
2025-03-19 21:07:48,366
2025-03-19 21:07:49,303
2025-03-19 21:07:50,244
2025-03-19 21:07:51,192
2025-03-19 21:07:52,148
2025-03-19 21:07:53,114
2025-03-19 21:07:54,91.0
2025-03-19 21:07:55,81.3
2025-03-19 21:07:56,84.3
2025-03-19 21:07:57,101
2025-03-19 21:07:58,129
2025-03-19 21:07:59,168
2025-03-19 21:08:00,217
2025-03-19 21:08:01,333
2025-03-19 21:08:03,395
2025-03-19 21:08:04,457
2025-03-19 21:08:05,516
2025-03-19 21:08:06,569
2025-03-19 21:08:07,613
2025-03-19 21:08:08,647
2025-03-19 21:08:09,669
2025-03-19 21:08:10,679
2025-03-19 21:08:11,676
2025-03-19 21:08:12,660
2025-03-19 21:08:13,632
2025-03-19 21:08:14,592
2025-03-19 21:08:15,544
2025-03-19 21:08:16,488
2025-03-19 21:08:17,428
2025-03-19 21:08:17,365
2025-03-19 21:08:18,303
2025-03-19 21:08:19,244
2025-03-19 21:08:20,192
2025-03-19 21:08:21,148
2025-03-19 21:08:22,113
2025-03-19 21:08:23,91.0
2025-03-19 21:08:24,81.0
2025-03-19 21:08:25,84.4
2025-03-19 21:08:26,100
2025-03-19 21:08:27,128
2025-03-19 21:08:28,168
2025-03-19 21:08:29,217
2025-03-19 21:08:30,272
2025-03-19 21:08:31,333
2025-03-19 21:08:33,395
2025-03-19 21:08:34,457
2025-03-19 21:08:35,516
2025-03-19 21:08:36,568
2025-03-19 21:08:37,613
2025-03-19 21:08:38,647
2025-03-19 21:08:39,669
2025-03-19 21:08:40,679
2025-03-19 21:08:41,676
2025-03-19 21:08:42,660
2025-03-19 21:08:43,632
2025-03-19 21:08:44,592
2025-03-19 21:08:45,544
2025-03-19 21:08:46,488
2025-03-19 21:08:47,428
2025-03-19 21:08:48,365
2025-03-19 21:08:48,303
2025-03-19 21:08:49,245
2025-03-19 21:08:50,192
2025-03-19 21:08:51,148
2025-03-19 21:08:52,114
2025-03-19 21:08:53,91.0
2025-03-19 21:08:54,81.1
2025-03-19 21:08:55,84.1
2025-03-19 21:08:56,100
2025-03-19 21:08:57,129
2025-03-19 21:08:58,168
2025-03-19 21:08:59,217
2025-03-19 21:09:00,273
2025-03-19 21:09:01,333
2025-03-19 21:09:03,395
2025-03-19 21:09:04,457
2025-03-19 21:09:05,457
2025-03-19 21:09:06,516
2025-03-19 21:09:07,568
2025-03-19 21:09:08,612
2025-03-19 21:09:09,647
2025-03-19 21:09:10,669
2025-03-19 21:09:11,679
2025-03-19 21:09:12,676
2025-03-19 21:09:13,660
2025-03-19 21:09:14,631
2025-03-19 21:09:15,592
2025-03-19 21:09:16,546
2025-03-19 21:09:17,488
2025-03-19 21:09:18,428
2025-03-19 21:09:19,365
2025-03-19 21:09:19,303
2025-03-19 21:09:20,245
2025-03-19 21:09:21,192
2025-03-19 21:09:22,148
2025-03-19 21:09:23,113
2025-03-19 21:09:24,91.6
2025-03-19 21:09:25,81.5
2025-03-19 21:09:26,84.2
2025-03-19 21:09:27,100
2025-03-19 21:09:28,129
2025-03-19 21:09:29,168
2025-03-19 21:09:30,272
2025-03-19 21:09:32,333
2025-03-19 21:09:33,395
2025-03-19 21:09:34,457
2025-03-19 21:09:35,515
2025-03-19 21:09:36,568
2025-03-19 21:09:37,613
2025-03-19 21:09:38,647
2025-03-19 21:09:39,669
2025-03-19 21:09:40,679
2025-03-19 21:09:41,677
2025-03-19 21:09:42,660
2025-03-19 21:09:43,632
2025-03-19 21:09:44,592
2025-03-19 21:09:45,543
2025-03-19 21:09:46,488
2025-03-19 21:09:47,427
2025-03-19 21:09:48,365
2025-03-19 21:09:48,303
2025-03-19 21:09:49,245
2025-03-19 21:09:50,192
2025-03-19 21:09:51,148
2025-03-19 21:09:52,113
2025-03-19 21:09:53,90.9
2025-03-19 21:09:54,81.0
2025-03-19 21:09:55,83.9
2025-03-19 21:09:56,100
2025-03-19 21:09:57,128
2025-03-19 21:09:58,168
2025-03-19 21:09:59,216
2025-03-19 21:10:00,272
2025-03-19 21:10:02,333
2025-03-19 21:10:03,395
2025-03-19 21:10:04,457
2025-03-19 21:10:05,516
2025-03-19 21:10:06,568
2025-03-19 21:10:07,613
2025-03-19 21:10:08,647
2025-03-19 21:10:09,669
2025-03-19 21:10:10,679
2025-03-19 21:10:11,676
2025-03-19 21:10:12,660
2025-03-19 21:10:13,632
2025-03-19 21:10:14,592
2025-03-19 21:10:15,544
2025-03-19 21:10:16,488
2025-03-19 21:10:17,428
2025-03-19 21:10:18,365
2025-03-19 21:10:18,303
2025-03-19 21:10:19,245
2025-03-19 21:10:20,192
2025-03-19 21:10:21,148
2025-03-19 21:10:22,114
2025-03-19 21:10:23,90.9
2025-03-19 21:10:24,81.3
2025-03-19 21:10:25,84.5
2025-03-19 21:10:26,100
2025-03-19 21:10:27,129
2025-03-19 21:10:28,168
2025-03-19 21:10:29,217
2025-03-19 21:10:30,272
2025-03-19 21:10:32,333
2025-03-19 21:10:33,395
2025-03-19 21:10:34,457
2025-03-19 21:10:35,516
2025-03-19 21:10:36,568
2025-03-19 21:10:37,612
2025-03-19 21:10:38,613
2025-03-19 21:10:39,647
2025-03-19 21:10:40,669
2025-03-19 21:10:41,679
2025-03-19 21:10:42,676
2025-03-19 21:10:43,660
2025-03-19 21:10:44,631
2025-03-19 21:10:45,592
2025-03-19 21:10:46,544
2025-03-19 21:10:47,488
2025-03-19 21:10:48,428
2025-03-19 21:10:49,365
2025-03-19 21:10:50,303
2025-03-19 21:10:50,244
2025-03-19 21:10:51,192
2025-03-19 21:10:52,148
2025-03-19 21:10:53,113
2025-03-19 21:10:54,90.9
2025-03-19 21:10:55,81.5
2025-03-19 21:10:56,84.1
2025-03-19 21:10:57,100
2025-03-19 21:10:58,129
2025-03-19 21:10:59,216
2025-03-19 21:11:00,272
2025-03-19 21:11:02,333
2025-03-19 21:11:03,396
2025-03-19 21:11:04,457
2025-03-19 21:11:05,516
2025-03-19 21:11:06,568
2025-03-19 21:11:07,613
2025-03-19 21:11:08,647
2025-03-19 21:11:09,669
2025-03-19 21:11:10,679
2025-03-19 21:11:11,676
2025-03-19 21:11:12,660
2025-03-19 21:11:13,632
2025-03-19 21:11:14,592
2025-03-19 21:11:15,543
2025-03-19 21:11:16,488
2025-03-19 21:11:17,427
2025-03-19 21:11:18,365
2025-03-19 21:11:19,303
2025-03-19 21:11:19,245
2025-03-19 21:11:20,192
2025-03-19 21:11:21,148
2025-03-19 21:11:22,114
2025-03-19 21:11:23,91.1
2025-03-19 21:11:24,81.0
2025-03-19 21:11:25,84.1
2025-03-19 21:11:26,100
2025-03-19 21:11:27,133
2025-03-19 21:11:28,168
2025-03-19 21:11:29,217
2025-03-19 21:11:31,273
2025-03-19 21:11:32,333
2025-03-19 21:11:33,395
2025-03-19 21:11:34,457
2025-03-19 21:11:35,516
2025-03-19 21:11:36,568
2025-03-19 21:11:37,612
2025-03-19 21:11:38,647
2025-03-19 21:11:39,669
2025-03-19 21:11:40,679
2025-03-19 21:11:41,676
2025-03-19 21:11:42,660
2025-03-19 21:11:43,632
2025-03-19 21:11:44,593
2025-03-19 21:11:45,544
2025-03-19 21:11:46,488
2025-03-19 21:11:47,427
2025-03-19 21:11:48,365
2025-03-19 21:11:49,303
2025-03-19 21:11:49,244
2025-03-19 21:11:50,192
2025-03-19 21:11:51,147
2025-03-19 21:11:52,113
2025-03-19 21:11:53,90.8
2025-03-19 21:11:54,80.9
2025-03-19 21:11:55,84.0
2025-03-19 21:11:56,100
2025-03-19 21:11:57,128
2025-03-19 21:11:58,168
2025-03-19 21:11:59,217
2025-03-19 21:12:01,273
2025-03-19 21:12:02,333
2025-03-19 21:12:03,395
2025-03-19 21:12:04,457
2025-03-19 21:12:05,516
2025-03-19 21:12:06,568
2025-03-19 21:12:07,613
2025-03-19 21:12:08,647
2025-03-19 21:12:09,669
2025-03-19 21:12:10,679
2025-03-19 21:12:11,680
2025-03-19 21:12:12,676
2025-03-19 21:12:13,660
2025-03-19 21:12:14,632
2025-03-19 21:12:15,593
2025-03-19 21:12:16,544
2025-03-19 21:12:17,488
2025-03-19 21:12:18,427
2025-03-19 21:12:19,365
2025-03-19 21:12:20,303
2025-03-19 21:12:20,245
2025-03-19 21:12:21,192
2025-03-19 21:12:22,148
2025-03-19 21:12:23,113
2025-03-19 21:12:24,91.2
2025-03-19 21:12:25,81.0
2025-03-19 21:12:26,84.2
2025-03-19 21:12:27,100
2025-03-19 21:12:28,129
2025-03-19 21:12:29,217
2025-03-19 21:12:31,272
2025-03-19 21:12:32,333
2025-03-19 21:12:33,395
2025-03-19 21:12:34,457
2025-03-19 21:12:35,516
2025-03-19 21:12:36,571
2025-03-19 21:12:37,613
2025-03-19 21:12:38,647
2025-03-19 21:12:39,670
2025-03-19 21:12:40,679
2025-03-19 21:12:41,676
2025-03-19 21:12:42,661
2025-03-19 21:12:43,632
2025-03-19 21:12:44,592
2025-03-19 21:12:45,544
2025-03-19 21:12:46,488
2025-03-19 21:12:47,428
2025-03-19 21:12:48,365
2025-03-19 21:12:49,303
2025-03-19 21:12:50,245
2025-03-19 21:12:50,192
2025-03-19 21:12:51,148
2025-03-19 21:12:52,113
2025-03-19 21:12:53,91.2
2025-03-19 21:12:54,81.0
2025-03-19 21:12:55,84.4
2025-03-19 21:12:56,100
2025-03-19 21:12:57,129
2025-03-19 21:12:58,168
2025-03-19 21:12:59,217
2025-03-19 21:13:01,273
2025-03-19 21:13:02,333
2025-03-19 21:13:03,395
2025-03-19 21:13:04,457
2025-03-19 21:13:05,516
2025-03-19 21:13:06,569
2025-03-19 21:13:07,613
2025-03-19 21:13:08,647
2025-03-19 21:13:09,670
2025-03-19 21:13:10,679
2025-03-19 21:13:11,676
2025-03-19 21:13:12,660
2025-03-19 21:13:13,632
2025-03-19 21:13:14,593
2025-03-19 21:13:15,544
2025-03-19 21:13:16,488
2025-03-19 21:13:17,428
2025-03-19 21:13:18,365
2025-03-19 21:13:19,303
2025-03-19 21:13:20,245
2025-03-19 21:13:20,192
2025-03-19 21:13:21,148
2025-03-19 21:13:22,114
2025-03-19 21:13:23,91.2
2025-03-19 21:13:24,81.2
2025-03-19 21:13:25,84.3
2025-03-19 21:13:26,101
2025-03-19 21:13:27,129
2025-03-19 21:13:28,168
2025-03-19 21:13:30,217
2025-03-19 21:13:31,272
2025-03-19 21:13:32,333
2025-03-19 21:13:33,396
2025-03-19 21:13:34,457
2025-03-19 21:13:35,516
2025-03-19 21:13:36,568
2025-03-19 21:13:37,613
2025-03-19 21:13:38,647
2025-03-19 21:13:39,670
2025-03-19 21:13:40,679
2025-03-19 21:13:41,676
2025-03-19 21:13:42,660
2025-03-19 21:13:43,660
2025-03-19 21:13:44,633
2025-03-19 21:13:45,592
2025-03-19 21:13:46,544
2025-03-19 21:13:47,488
2025-03-19 21:13:48,428
2025-03-19 21:13:49,365
2025-03-19 21:13:50,303
2025-03-19 21:13:51,245
2025-03-19 21:13:51,192
2025-03-19 21:13:52,148
2025-03-19 21:13:53,113
2025-03-19 21:13:54,90.8
2025-03-19 21:13:55,81.4
2025-03-19 21:13:56,84.1
2025-03-19 21:13:57,100
2025-03-19 21:13:58,168
2025-03-19 21:14:00,217
2025-03-19 21:14:01,273
2025-03-19 21:14:02,333
2025-03-19 21:14:03,396
2025-03-19 21:14:04,457
2025-03-19 21:14:05,516
2025-03-19 21:14:06,569
2025-03-19 21:14:07,613
2025-03-19 21:14:08,647
2025-03-19 21:14:09,670
2025-03-19 21:14:10,679
2025-03-19 21:14:11,676
2025-03-19 21:14:12,660
2025-03-19 21:14:13,632
2025-03-19 21:14:14,592
2025-03-19 21:14:15,544
2025-03-19 21:14:16,488
2025-03-19 21:14:17,427
2025-03-19 21:14:18,365
2025-03-19 21:14:19,303
2025-03-19 21:14:20,245
2025-03-19 21:14:20,192
2025-03-19 21:14:21,148
2025-03-19 21:14:22,114
2025-03-19 21:14:23,90.9
2025-03-19 21:14:24,81.0
2025-03-19 21:14:25,84.1
2025-03-19 21:14:26,100
2025-03-19 21:14:27,128
2025-03-19 21:14:28,168
2025-03-19 21:14:30,217
2025-03-19 21:14:31,272
2025-03-19 21:14:32,333
2025-03-19 21:14:33,395
2025-03-19 21:14:34,457
2025-03-19 21:14:35,515
2025-03-19 21:14:36,568
2025-03-19 21:14:37,612
2025-03-19 21:14:38,646
2025-03-19 21:14:39,669
2025-03-19 21:14:40,679
2025-03-19 21:14:41,676
2025-03-19 21:14:42,660
2025-03-19 21:14:43,632
2025-03-19 21:14:44,592
2025-03-19 21:14:45,543
2025-03-19 21:14:46,488
2025-03-19 21:14:47,427
2025-03-19 21:14:48,365
2025-03-19 21:14:49,303
2025-03-19 21:14:50,245
2025-03-19 21:14:51,192
2025-03-19 21:14:51,148
2025-03-19 21:14:52,113
2025-03-19 21:14:53,90.8
2025-03-19 21:14:54,81.0
2025-03-19 21:14:55,84.1
2025-03-19 21:14:56,100
2025-03-19 21:14:57,129
2025-03-19 21:14:58,168
2025-03-19 21:15:00,217
2025-03-19 21:15:01,272
2025-03-19 21:15:02,333
2025-03-19 21:15:03,395
2025-03-19 21:15:04,457
2025-03-19 21:15:05,515
2025-03-19 21:15:06,568
2025-03-19 21:15:07,612
2025-03-19 21:15:08,647
2025-03-19 21:15:09,669
2025-03-19 21:15:10,679
2025-03-19 21:15:11,676
2025-03-19 21:15:12,660
2025-03-19 21:15:13,632
2025-03-19 21:15:14,592
2025-03-19 21:15:15,543
2025-03-19 21:15:16,543
2025-03-19 21:15:17,488
2025-03-19 21:15:18,427
2025-03-19 21:15:19,365
2025-03-19 21:15:20,303
2025-03-19 21:15:21,245
2025-03-19 21:15:22,192
2025-03-19 21:15:22,147
2025-03-19 21:15:23,113
2025-03-19 21:15:24,91.0
2025-03-19 21:15:25,80.9
2025-03-19 21:15:26,84.1
2025-03-19 21:15:27,129
2025-03-19 21:15:29,168
2025-03-19 21:15:30,216
2025-03-19 21:15:31,272
2025-03-19 21:15:32,333
2025-03-19 21:15:33,395
2025-03-19 21:15:34,457
2025-03-19 21:15:35,516
2025-03-19 21:15:36,568
2025-03-19 21:15:37,612
2025-03-19 21:15:38,647
2025-03-19 21:15:39,669
2025-03-19 21:15:40,679
2025-03-19 21:15:41,676
2025-03-19 21:15:42,660
2025-03-19 21:15:43,632
2025-03-19 21:15:44,592
2025-03-19 21:15:45,544
2025-03-19 21:15:46,488
2025-03-19 21:15:47,427
2025-03-19 21:15:48,365
2025-03-19 21:15:49,303
2025-03-19 21:15:50,245
2025-03-19 21:15:51,192
2025-03-19 21:15:51,148
2025-03-19 21:15:52,114
2025-03-19 21:15:53,90.8
2025-03-19 21:15:54,80.9
2025-03-19 21:15:55,84.5
2025-03-19 21:15:56,100
2025-03-19 21:15:57,128
2025-03-19 21:15:59,168
2025-03-19 21:16:00,217
2025-03-19 21:16:01,272
2025-03-19 21:16:02,333
2025-03-19 21:16:03,395
2025-03-19 21:16:04,457
2025-03-19 21:16:05,515
2025-03-19 21:16:06,568
2025-03-19 21:16:07,612
2025-03-19 21:16:08,647
2025-03-19 21:16:09,669
2025-03-19 21:16:10,679
2025-03-19 21:16:11,676
2025-03-19 21:16:12,660
2025-03-19 21:16:13,632
2025-03-19 21:16:14,592
2025-03-19 21:16:15,544
2025-03-19 21:16:16,488
2025-03-19 21:16:17,428
2025-03-19 21:16:18,365
2025-03-19 21:16:19,303
2025-03-19 21:16:20,244
2025-03-19 21:16:21,192
2025-03-19 21:16:21,148
2025-03-19 21:16:22,113
2025-03-19 21:16:23,90.7
2025-03-19 21:16:24,80.6
2025-03-19 21:16:25,84.1
2025-03-19 21:16:26,100
2025-03-19 21:16:27,129
2025-03-19 21:16:29,168
2025-03-19 21:16:30,217
2025-03-19 21:16:31,272
2025-03-19 21:16:32,333
2025-03-19 21:16:33,395
2025-03-19 21:16:34,461
2025-03-19 21:16:35,515
2025-03-19 21:16:36,568
2025-03-19 21:16:37,613
2025-03-19 21:16:38,647
2025-03-19 21:16:39,669
2025-03-19 21:16:40,680
2025-03-19 21:16:41,676
2025-03-19 21:16:42,660
2025-03-19 21:16:43,632
2025-03-19 21:16:44,593
2025-03-19 21:16:45,544
2025-03-19 21:16:46,488
2025-03-19 21:16:47,428
2025-03-19 21:16:48,427
2025-03-19 21:16:49,365
2025-03-19 21:16:50,303
2025-03-19 21:16:51,245
2025-03-19 21:16:52,192
2025-03-19 21:16:53,148
2025-03-19 21:16:53,114
2025-03-19 21:16:54,91.2
2025-03-19 21:16:55,81.0
2025-03-19 21:16:56,83.9
2025-03-19 21:16:57,128
2025-03-19 21:16:59,168
2025-03-19 21:17:00,216
2025-03-19 21:17:01,272
2025-03-19 21:17:02,333
2025-03-19 21:17:03,395
2025-03-19 21:17:04,457
2025-03-19 21:17:05,516
2025-03-19 21:17:06,571
2025-03-19 21:17:07,613
2025-03-19 21:17:08,647
2025-03-19 21:17:09,669
2025-03-19 21:17:10,679
2025-03-19 21:17:11,676
2025-03-19 21:17:12,660
2025-03-19 21:17:13,632
2025-03-19 21:17:14,593
2025-03-19 21:17:15,544
2025-03-19 21:17:16,488
2025-03-19 21:17:17,427
2025-03-19 21:17:18,365
2025-03-19 21:17:19,303
2025-03-19 21:17:20,245
2025-03-19 21:17:21,192
2025-03-19 21:17:22,148
2025-03-19 21:17:22,114
2025-03-19 21:17:23,90.8
2025-03-19 21:17:24,81.0
2025-03-19 21:17:25,84.2
2025-03-19 21:17:26,100
2025-03-19 21:17:28,129
2025-03-19 21:17:29,168
2025-03-19 21:17:30,216
2025-03-19 21:17:31,272
2025-03-19 21:17:32,333
2025-03-19 21:17:33,395
2025-03-19 21:17:34,457
2025-03-19 21:17:35,515
2025-03-19 21:17:36,568
2025-03-19 21:17:37,613
2025-03-19 21:17:38,647
2025-03-19 21:17:39,670
2025-03-19 21:17:40,679
2025-03-19 21:17:41,676
2025-03-19 21:17:42,660
2025-03-19 21:17:43,632
2025-03-19 21:17:44,592
2025-03-19 21:17:45,544
2025-03-19 21:17:46,488
2025-03-19 21:17:47,427
2025-03-19 21:17:48,365
2025-03-19 21:17:49,303
2025-03-19 21:17:50,246
2025-03-19 21:17:51,192
2025-03-19 21:17:52,148
2025-03-19 21:17:52,113
2025-03-19 21:17:53,90.8
2025-03-19 21:17:54,80.7
2025-03-19 21:17:55,84.3
2025-03-19 21:17:56,100
2025-03-19 21:17:58,129
2025-03-19 21:17:59,168
2025-03-19 21:18:00,217
2025-03-19 21:18:01,272
2025-03-19 21:18:02,333
2025-03-19 21:18:03,395
2025-03-19 21:18:04,457
2025-03-19 21:18:05,516
2025-03-19 21:18:06,568
2025-03-19 21:18:07,613
2025-03-19 21:18:08,647
2025-03-19 21:18:09,670
2025-03-19 21:18:10,679
2025-03-19 21:18:11,676
2025-03-19 21:18:12,660
2025-03-19 21:18:13,632
2025-03-19 21:18:14,593
2025-03-19 21:18:15,544
2025-03-19 21:18:16,488
2025-03-19 21:18:17,427
2025-03-19 21:18:18,365
2025-03-19 21:18:19,303
2025-03-19 21:18:20,304
2025-03-19 21:18:21,245
2025-03-19 21:18:22,192
2025-03-19 21:18:23,147
2025-03-19 21:18:23,113
2025-03-19 21:18:24,91.4
2025-03-19 21:18:25,80.8
2025-03-19 21:18:26,84.0
2025-03-19 21:18:28,129
2025-03-19 21:18:29,168
2025-03-19 21:18:30,216
2025-03-19 21:18:31,272
2025-03-19 21:18:32,333
2025-03-19 21:18:33,395
2025-03-19 21:18:34,457
2025-03-19 21:18:35,515
2025-03-19 21:18:36,568
2025-03-19 21:18:37,613
2025-03-19 21:18:38,647
2025-03-19 21:18:39,669
2025-03-19 21:18:40,679
2025-03-19 21:18:41,676
2025-03-19 21:18:42,660
2025-03-19 21:18:43,632
2025-03-19 21:18:44,592
2025-03-19 21:18:45,544
2025-03-19 21:18:46,488
2025-03-19 21:18:47,427
2025-03-19 21:18:48,365
2025-03-19 21:18:49,303
2025-03-19 21:18:50,244
2025-03-19 21:18:51,192
2025-03-19 21:18:52,148
2025-03-19 21:18:53,114
2025-03-19 21:18:53,90.6
2025-03-19 21:18:54,81.1
2025-03-19 21:18:55,84.2
2025-03-19 21:18:56,100
2025-03-19 21:18:58,129
2025-03-19 21:18:59,168
2025-03-19 21:19:00,216
2025-03-19 21:19:01,272
2025-03-19 21:19:02,333
2025-03-19 21:19:03,395
2025-03-19 21:19:04,457
2025-03-19 21:19:05,515
2025-03-19 21:19:06,568
2025-03-19 21:19:07,613
2025-03-19 21:19:08,647
2025-03-19 21:19:09,669
2025-03-19 21:19:10,679
2025-03-19 21:19:11,676
2025-03-19 21:19:12,660
2025-03-19 21:19:13,632
2025-03-19 21:19:14,593
2025-03-19 21:19:15,544
2025-03-19 21:19:16,489
2025-03-19 21:19:17,428
2025-03-19 21:19:18,365
2025-03-19 21:19:19,303
2025-03-19 21:19:20,244
2025-03-19 21:19:21,192
2025-03-19 21:19:22,147
2025-03-19 21:19:23,114
2025-03-19 21:19:23,91.0
2025-03-19 21:19:24,81.3
2025-03-19 21:19:25,84.5
2025-03-19 21:19:27,100
2025-03-19 21:19:28,129
2025-03-19 21:19:29,168
2025-03-19 21:19:30,216
2025-03-19 21:19:31,273
2025-03-19 21:19:32,333
2025-03-19 21:19:33,396
2025-03-19 21:19:34,458
2025-03-19 21:19:35,516
2025-03-19 21:19:36,568
2025-03-19 21:19:37,613
2025-03-19 21:19:38,647
2025-03-19 21:19:39,669
2025-03-19 21:19:40,679
2025-03-19 21:19:41,676
2025-03-19 21:19:42,661
2025-03-19 21:19:43,632
2025-03-19 21:19:44,592
2025-03-19 21:19:45,544
2025-03-19 21:19:46,488
2025-03-19 21:19:47,427
2025-03-19 21:19:48,365
2025-03-19 21:19:49,303
2025-03-19 21:19:50,245
2025-03-19 21:19:51,192
2025-03-19 21:19:52,192
2025-03-19 21:19:53,148
2025-03-19 21:19:54,114
2025-03-19 21:19:54,90.9
2025-03-19 21:19:55,81.0
2025-03-19 21:19:56,84.3
2025-03-19 21:19:58,129
2025-03-19 21:19:59,168
2025-03-19 21:20:00,217
2025-03-19 21:20:01,272
2025-03-19 21:20:02,333
2025-03-19 21:20:03,395
2025-03-19 21:20:04,457
2025-03-19 21:20:05,516
2025-03-19 21:20:06,569
2025-03-19 21:20:07,613
2025-03-19 21:20:08,647
2025-03-19 21:20:09,669
2025-03-19 21:20:10,679
2025-03-19 21:20:11,676
2025-03-19 21:20:12,660
2025-03-19 21:20:13,632
2025-03-19 21:20:14,593
2025-03-19 21:20:15,544
2025-03-19 21:20:16,488
2025-03-19 21:20:17,428
2025-03-19 21:20:18,366
2025-03-19 21:20:19,303
2025-03-19 21:20:20,245
2025-03-19 21:20:21,192
2025-03-19 21:20:22,148
2025-03-19 21:20:23,114
2025-03-19 21:20:24,91.1
2025-03-19 21:20:24,81.5
2025-03-19 21:20:26,84.6
2025-03-19 21:20:27,100
2025-03-19 21:20:28,129
2025-03-19 21:20:29,168
2025-03-19 21:20:30,217
2025-03-19 21:20:31,275
2025-03-19 21:20:32,333
2025-03-19 21:20:33,396
2025-03-19 21:20:34,457
2025-03-19 21:20:35,516
2025-03-19 21:20:36,568
2025-03-19 21:20:37,613
2025-03-19 21:20:38,650
2025-03-19 21:20:39,670
2025-03-19 21:20:40,679
2025-03-19 21:20:41,676
2025-03-19 21:20:42,660
2025-03-19 21:20:43,632
2025-03-19 21:20:44,593
2025-03-19 21:20:45,544
2025-03-19 21:20:46,488
2025-03-19 21:20:47,428
2025-03-19 21:20:48,365
2025-03-19 21:20:49,303
2025-03-19 21:20:50,245
2025-03-19 21:20:51,192
2025-03-19 21:20:52,148
2025-03-19 21:20:53,113
2025-03-19 21:20:54,90.9
2025-03-19 21:20:55,80.9
2025-03-19 21:20:56,84.3
2025-03-19 21:20:57,101
2025-03-19 21:20:58,129
2025-03-19 21:20:59,168
2025-03-19 21:21:00,216
2025-03-19 21:21:01,273
2025-03-19 21:21:02,333
2025-03-19 21:21:03,395
2025-03-19 21:21:04,457
2025-03-19 21:21:05,516
2025-03-19 21:21:06,569
2025-03-19 21:21:07,613
2025-03-19 21:21:08,647
2025-03-19 21:21:09,669
2025-03-19 21:21:10,679
2025-03-19 21:21:11,676
2025-03-19 21:21:12,660
2025-03-19 21:21:13,632
2025-03-19 21:21:14,593
2025-03-19 21:21:15,544
2025-03-19 21:21:16,489
2025-03-19 21:21:17,428
2025-03-19 21:21:18,365
2025-03-19 21:21:19,304
2025-03-19 21:21:20,246
2025-03-19 21:21:21,193
2025-03-19 21:21:22,148
2025-03-19 21:21:23,148
2025-03-19 21:21:24,114
2025-03-19 21:21:25,91.2
2025-03-19 21:21:26,81.2
2025-03-19 21:21:27,100
2025-03-19 21:21:28,129
2025-03-19 21:21:29,168
2025-03-19 21:21:30,217
2025-03-19 21:21:31,273
2025-03-19 21:21:32,333
2025-03-19 21:21:33,395
2025-03-19 21:21:34,457
2025-03-19 21:21:35,516
2025-03-19 21:21:36,568
2025-03-19 21:21:37,613
2025-03-19 21:21:38,647
2025-03-19 21:21:39,670
2025-03-19 21:21:40,680
2025-03-19 21:21:41,676
2025-03-19 21:21:42,660
2025-03-19 21:21:43,632
2025-03-19 21:21:44,593
2025-03-19 21:21:45,544
2025-03-19 21:21:46,488
2025-03-19 21:21:47,428
2025-03-19 21:21:48,365
2025-03-19 21:21:49,303
2025-03-19 21:21:50,245
2025-03-19 21:21:51,192
2025-03-19 21:21:52,148
2025-03-19 21:21:53,114
2025-03-19 21:21:54,91.0
2025-03-19 21:21:55,81.2
2025-03-19 21:21:56,84.3
2025-03-19 21:21:57,100
2025-03-19 21:21:58,129
2025-03-19 21:21:59,168
2025-03-19 21:22:00,216
2025-03-19 21:22:01,273
2025-03-19 21:22:02,333
2025-03-19 21:22:03,395
2025-03-19 21:22:04,457
2025-03-19 21:22:05,516
2025-03-19 21:22:06,568
2025-03-19 21:22:07,613
2025-03-19 21:22:08,647
2025-03-19 21:22:09,669
2025-03-19 21:22:10,679
2025-03-19 21:22:11,676
2025-03-19 21:22:12,660
2025-03-19 21:22:13,632
2025-03-19 21:22:14,592
2025-03-19 21:22:15,544
2025-03-19 21:22:16,488
2025-03-19 21:22:17,428
2025-03-19 21:22:18,365
2025-03-19 21:22:19,303
2025-03-19 21:22:20,245
2025-03-19 21:22:21,192
2025-03-19 21:22:22,148
2025-03-19 21:22:23,114
2025-03-19 21:22:24,91.3
2025-03-19 21:22:25,82.6
2025-03-19 21:22:26,84.2
2025-03-19 21:22:27,100
2025-03-19 21:22:28,129
2025-03-19 21:22:29,168
2025-03-19 21:22:30,217
2025-03-19 21:22:31,272
2025-03-19 21:22:32,333
2025-03-19 21:22:33,395
2025-03-19 21:22:34,457
2025-03-19 21:22:35,516
2025-03-19 21:22:36,568
2025-03-19 21:22:37,612
2025-03-19 21:22:38,647
2025-03-19 21:22:39,670
2025-03-19 21:22:40,679
2025-03-19 21:22:41,676
2025-03-19 21:22:42,660
2025-03-19 21:22:43,632
2025-03-19 21:22:44,592
2025-03-19 21:22:45,544
2025-03-19 21:22:46,488
2025-03-19 21:22:47,428
2025-03-19 21:22:48,366
2025-03-19 21:22:49,303
2025-03-19 21:22:50,244
2025-03-19 21:22:51,192
2025-03-19 21:22:52,148
2025-03-19 21:22:53,148
2025-03-19 21:22:54,113
2025-03-19 21:22:55,90.9
2025-03-19 21:22:56,84.1
2025-03-19 21:22:57,100
2025-03-19 21:22:58,129
2025-03-19 21:22:59,168
2025-03-19 21:23:00,216
2025-03-19 21:23:01,272
2025-03-19 21:23:02,333
2025-03-19 21:23:03,395
2025-03-19 21:23:04,457
2025-03-19 21:23:05,516
2025-03-19 21:23:06,568
2025-03-19 21:23:07,612
2025-03-19 21:23:08,647
2025-03-19 21:23:09,669
2025-03-19 21:23:10,679
2025-03-19 21:23:11,676
2025-03-19 21:23:12,660
2025-03-19 21:23:13,632
2025-03-19 21:23:14,592
2025-03-19 21:23:15,544
2025-03-19 21:23:16,488
2025-03-19 21:23:17,427
2025-03-19 21:23:18,365
2025-03-19 21:23:19,303
2025-03-19 21:23:20,244
2025-03-19 21:23:21,193
2025-03-19 21:23:22,148
2025-03-19 21:23:23,114
2025-03-19 21:23:24,90.8
2025-03-19 21:23:25,81.2
2025-03-19 21:23:26,84.0
2025-03-19 21:23:27,100
2025-03-19 21:23:28,128
2025-03-19 21:23:29,168
2025-03-19 21:23:30,216
2025-03-19 21:23:31,273
2025-03-19 21:23:32,333
2025-03-19 21:23:33,395
2025-03-19 21:23:34,457
2025-03-19 21:23:35,516
2025-03-19 21:23:36,568
2025-03-19 21:23:37,613
2025-03-19 21:23:38,646
2025-03-19 21:23:39,669
2025-03-19 21:23:40,679
2025-03-19 21:23:41,676
2025-03-19 21:23:42,660
2025-03-19 21:23:43,631
2025-03-19 21:23:44,592
2025-03-19 21:23:45,544
2025-03-19 21:23:46,488
2025-03-19 21:23:47,427
2025-03-19 21:23:48,365
2025-03-19 21:23:49,303
2025-03-19 21:23:50,244
2025-03-19 21:23:51,192
2025-03-19 21:23:52,147
2025-03-19 21:23:53,114
2025-03-19 21:23:54,90.9
2025-03-19 21:23:55,81.1
2025-03-19 21:23:56,84.2
2025-03-19 21:23:57,100
2025-03-19 21:23:58,128
2025-03-19 21:23:59,168
2025-03-19 21:24:00,216
2025-03-19 21:24:01,272
2025-03-19 21:24:02,333
2025-03-19 21:24:03,395
2025-03-19 21:24:04,457
2025-03-19 21:24:05,515
2025-03-19 21:24:06,572
2025-03-19 21:24:07,613
2025-03-19 21:24:08,647
2025-03-19 21:24:09,669
2025-03-19 21:24:10,679
2025-03-19 21:24:11,676
2025-03-19 21:24:12,660
2025-03-19 21:24:13,631
2025-03-19 21:24:14,592
2025-03-19 21:24:15,544
2025-03-19 21:24:16,488
2025-03-19 21:24:17,427
2025-03-19 21:24:18,365
2025-03-19 21:24:19,304
2025-03-19 21:24:20,245
2025-03-19 21:24:21,192
2025-03-19 21:24:22,147
2025-03-19 21:24:23,148
2025-03-19 21:24:24,113
2025-03-19 21:24:25,81.0
2025-03-19 21:24:26,84.1
2025-03-19 21:24:27,100
2025-03-19 21:24:28,128
2025-03-19 21:24:29,168
2025-03-19 21:24:30,216
2025-03-19 21:24:31,272
2025-03-19 21:24:32,333
2025-03-19 21:24:33,395
2025-03-19 21:24:34,457
2025-03-19 21:24:35,516
2025-03-19 21:24:36,568
2025-03-19 21:24:37,613
2025-03-19 21:24:38,647
2025-03-19 21:24:39,670
2025-03-19 21:24:40,679
2025-03-19 21:24:41,676
2025-03-19 21:24:42,660
2025-03-19 21:24:43,632
2025-03-19 21:24:44,592
2025-03-19 21:24:45,544
2025-03-19 21:24:46,488
2025-03-19 21:24:47,428
2025-03-19 21:24:48,365
2025-03-19 21:24:49,303
2025-03-19 21:24:50,245
2025-03-19 21:24:51,192
2025-03-19 21:24:52,148
2025-03-19 21:24:53,114
2025-03-19 21:24:54,90.9
2025-03-19 21:24:55,81.1
2025-03-19 21:24:56,84.2
2025-03-19 21:24:57,100
2025-03-19 21:24:58,129
2025-03-19 21:24:59,168
2025-03-19 21:25:00,217
2025-03-19 21:25:01,272
2025-03-19 21:25:02,333
2025-03-19 21:25:03,395
2025-03-19 21:25:04,457
2025-03-19 21:25:05,515
2025-03-19 21:25:06,568
2025-03-19 21:25:07,613
2025-03-19 21:25:08,647
2025-03-19 21:25:09,669
2025-03-19 21:25:10,679
2025-03-19 21:25:11,676
2025-03-19 21:25:12,661
2025-03-19 21:25:13,632
2025-03-19 21:25:14,592
2025-03-19 21:25:15,544
2025-03-19 21:25:16,488
2025-03-19 21:25:17,428
2025-03-19 21:25:18,365
2025-03-19 21:25:19,303
2025-03-19 21:25:20,245
2025-03-19 21:25:21,192
2025-03-19 21:25:22,148
2025-03-19 21:25:23,113
2025-03-19 21:25:24,91.0
2025-03-19 21:25:25,81.3
2025-03-19 21:25:26,84.0
2025-03-19 21:25:27,100
2025-03-19 21:25:28,129
2025-03-19 21:25:29,168
2025-03-19 21:25:30,217
2025-03-19 21:25:31,272
2025-03-19 21:25:32,333
2025-03-19 21:25:33,395
2025-03-19 21:25:34,457
2025-03-19 21:25:35,516
2025-03-19 21:25:36,569
2025-03-19 21:25:37,613
2025-03-19 21:25:38,647
2025-03-19 21:25:39,669
2025-03-19 21:25:40,679
2025-03-19 21:25:41,676
2025-03-19 21:25:42,660
2025-03-19 21:25:43,632
2025-03-19 21:25:44,592
2025-03-19 21:25:45,544
2025-03-19 21:25:46,488
2025-03-19 21:25:47,428
2025-03-19 21:25:48,365
2025-03-19 21:25:49,303
2025-03-19 21:25:50,245
2025-03-19 21:25:51,192
2025-03-19 21:25:52,148
2025-03-19 21:25:53,114
2025-03-19 21:25:54,114
2025-03-19 21:25:55,81.1
2025-03-19 21:25:56,84.5
2025-03-19 21:25:57,101
2025-03-19 21:25:58,129
2025-03-19 21:25:59,168
2025-03-19 21:26:00,217
2025-03-19 21:26:01,272
2025-03-19 21:26:02,333
2025-03-19 21:26:03,395
2025-03-19 21:26:04,457
2025-03-19 21:26:05,516
2025-03-19 21:26:06,569
2025-03-19 21:26:07,613
2025-03-19 21:26:08,647
2025-03-19 21:26:09,670
2025-03-19 21:26:10,679
2025-03-19 21:26:11,676
2025-03-19 21:26:12,660
2025-03-19 21:26:13,632
2025-03-19 21:26:14,593
2025-03-19 21:26:15,544
2025-03-19 21:26:16,488
2025-03-19 21:26:17,428
2025-03-19 21:26:18,365
2025-03-19 21:26:19,303
2025-03-19 21:26:20,245
2025-03-19 21:26:21,192
2025-03-19 21:26:22,148
2025-03-19 21:26:23,114
2025-03-19 21:26:24,91.3
2025-03-19 21:26:25,81.1
2025-03-19 21:26:26,84.9
2025-03-19 21:26:27,100
2025-03-19 21:26:28,128
2025-03-19 21:26:29,168
2025-03-19 21:26:30,217
2025-03-19 21:26:31,272
2025-03-19 21:26:32,333
2025-03-19 21:26:33,395
2025-03-19 21:26:34,457
2025-03-19 21:26:35,516
2025-03-19 21:26:36,569
2025-03-19 21:26:37,613
2025-03-19 21:26:38,646
2025-03-19 21:26:39,669
2025-03-19 21:26:40,679
2025-03-19 21:26:41,676
2025-03-19 21:26:42,660
2025-03-19 21:26:43,632
2025-03-19 21:26:44,592
2025-03-19 21:26:45,544
2025-03-19 21:26:46,488
2025-03-19 21:26:47,432
2025-03-19 21:26:48,365
2025-03-19 21:26:49,303
2025-03-19 21:26:50,245
2025-03-19 21:26:51,192
2025-03-19 21:26:52,148
2025-03-19 21:26:53,113
2025-03-19 21:26:54,90.7
2025-03-19 21:26:55,81.2
2025-03-19 21:26:56,84.4
2025-03-19 21:26:57,100
2025-03-19 21:26:58,129
2025-03-19 21:26:59,168
2025-03-19 21:27:00,217
2025-03-19 21:27:01,272
2025-03-19 21:27:02,333
2025-03-19 21:27:03,395
2025-03-19 21:27:04,457
2025-03-19 21:27:05,516
2025-03-19 21:27:06,568
2025-03-19 21:27:07,613
2025-03-19 21:27:08,647
2025-03-19 21:27:09,669
2025-03-19 21:27:10,679
2025-03-19 21:27:11,676
2025-03-19 21:27:12,660
2025-03-19 21:27:13,632
2025-03-19 21:27:14,592
2025-03-19 21:27:15,544
2025-03-19 21:27:16,488
2025-03-19 21:27:17,428
2025-03-19 21:27:18,365
2025-03-19 21:27:19,303
2025-03-19 21:27:20,244
2025-03-19 21:27:21,192
2025-03-19 21:27:22,148
2025-03-19 21:27:23,90.8
2025-03-19 21:27:24,90.7
2025-03-19 21:27:25,81.0
2025-03-19 21:27:26,84.0
2025-03-19 21:27:27,100
2025-03-19 21:27:28,128
2025-03-19 21:27:29,168
2025-03-19 21:27:30,216
2025-03-19 21:27:31,272
2025-03-19 21:27:32,333
2025-03-19 21:27:33,395
2025-03-19 21:27:34,457
2025-03-19 21:27:35,515
2025-03-19 21:27:36,568
2025-03-19 21:27:37,613
2025-03-19 21:27:38,647
2025-03-19 21:27:39,669
2025-03-19 21:27:40,679
2025-03-19 21:27:41,676
2025-03-19 21:27:42,660
2025-03-19 21:27:43,632
2025-03-19 21:27:44,592
2025-03-19 21:27:45,544
2025-03-19 21:27:46,491
2025-03-19 21:27:47,427
2025-03-19 21:27:48,365
2025-03-19 21:27:49,303
2025-03-19 21:27:50,244
2025-03-19 21:27:51,192
2025-03-19 21:27:52,148
2025-03-19 21:27:53,114
2025-03-19 21:27:54,90.7
2025-03-19 21:27:55,80.9
2025-03-19 21:27:56,83.9
2025-03-19 21:27:57,100
2025-03-19 21:27:58,128
2025-03-19 21:27:59,168
2025-03-19 21:28:00,216
2025-03-19 21:28:01,272
2025-03-19 21:28:02,333
2025-03-19 21:28:03,395
2025-03-19 21:28:04,457
2025-03-19 21:28:05,515
2025-03-19 21:28:06,568
2025-03-19 21:28:07,612
2025-03-19 21:28:08,647
2025-03-19 21:28:09,669
2025-03-19 21:28:10,679
2025-03-19 21:28:11,676
2025-03-19 21:28:12,660
2025-03-19 21:28:13,632
2025-03-19 21:28:14,592
2025-03-19 21:28:15,544
2025-03-19 21:28:16,488
2025-03-19 21:28:17,427
2025-03-19 21:28:18,365
2025-03-19 21:28:19,303
2025-03-19 21:28:20,244
2025-03-19 21:28:21,192
2025-03-19 21:28:22,148
2025-03-19 21:28:23,113
2025-03-19 21:28:24,90.7
2025-03-19 21:28:25,81.0
2025-03-19 21:28:26,84.3
2025-03-19 21:28:27,100
2025-03-19 21:28:28,128
2025-03-19 21:28:29,168
2025-03-19 21:28:30,217
2025-03-19 21:28:31,272
2025-03-19 21:28:32,333
2025-03-19 21:28:33,395
2025-03-19 21:28:34,458
2025-03-19 21:28:35,516
2025-03-19 21:28:36,568
2025-03-19 21:28:37,612
2025-03-19 21:28:38,647
2025-03-19 21:28:39,669
2025-03-19 21:28:40,679
2025-03-19 21:28:41,676
2025-03-19 21:28:42,660
2025-03-19 21:28:43,632
2025-03-19 21:28:44,593
2025-03-19 21:28:45,544
2025-03-19 21:28:46,488
2025-03-19 21:28:47,428
2025-03-19 21:28:48,365
2025-03-19 21:28:49,303
2025-03-19 21:28:50,245
2025-03-19 21:28:51,192
2025-03-19 21:28:52,148
2025-03-19 21:28:53,91.3
2025-03-19 21:28:54,90.7
2025-03-19 21:28:55,80.8
2025-03-19 21:28:56,84.2
2025-03-19 21:28:57,100
2025-03-19 21:28:58,129
2025-03-19 21:28:59,168
2025-03-19 21:29:00,217
2025-03-19 21:29:01,272
2025-03-19 21:29:02,333
2025-03-19 21:29:03,395
2025-03-19 21:29:04,457
2025-03-19 21:29:05,516
2025-03-19 21:29:06,568
2025-03-19 21:29:07,613
2025-03-19 21:29:08,647
2025-03-19 21:29:09,670
2025-03-19 21:29:10,679
2025-03-19 21:29:11,676
2025-03-19 21:29:12,660
2025-03-19 21:29:13,631
2025-03-19 21:29:14,592
2025-03-19 21:29:15,544
2025-03-19 21:29:16,489
2025-03-19 21:29:17,427
2025-03-19 21:29:18,365
2025-03-19 21:29:19,303
2025-03-19 21:29:20,244
2025-03-19 21:29:21,192
2025-03-19 21:29:22,148
2025-03-19 21:29:23,113
2025-03-19 21:29:24,90.7
2025-03-19 21:29:25,81.1
2025-03-19 21:29:26,83.8
2025-03-19 21:29:27,100
2025-03-19 21:29:28,129
2025-03-19 21:29:29,168
2025-03-19 21:29:30,216
2025-03-19 21:29:31,272
2025-03-19 21:29:32,333
2025-03-19 21:29:33,395
2025-03-19 21:29:34,457
2025-03-19 21:29:35,515
2025-03-19 21:29:36,568
2025-03-19 21:29:37,612
2025-03-19 21:29:38,647
2025-03-19 21:29:39,669
2025-03-19 21:29:40,679
2025-03-19 21:29:41,676
2025-03-19 21:29:42,660
2025-03-19 21:29:43,631
2025-03-19 21:29:44,592
2025-03-19 21:29:45,544
2025-03-19 21:29:46,488
2025-03-19 21:29:47,427
2025-03-19 21:29:48,365
2025-03-19 21:29:49,303
2025-03-19 21:29:50,244
2025-03-19 21:29:51,192
2025-03-19 21:29:52,147
2025-03-19 21:29:53,113
2025-03-19 21:29:54,90.7
2025-03-19 21:29:55,80.9
2025-03-19 21:29:56,84.0
2025-03-19 21:29:57,100
2025-03-19 21:29:58,129
2025-03-19 21:29:59,168
2025-03-19 21:30:00,216
2025-03-19 21:30:01,272
2025-03-19 21:30:02,333
2025-03-19 21:30:03,395
2025-03-19 21:30:04,457
2025-03-19 21:30:05,515
2025-03-19 21:30:06,568
2025-03-19 21:30:07,613
2025-03-19 21:30:08,647
2025-03-19 21:30:09,669
2025-03-19 21:30:10,679
2025-03-19 21:30:11,676
2025-03-19 21:30:12,660
2025-03-19 21:30:13,632
2025-03-19 21:30:14,592
2025-03-19 21:30:15,544
2025-03-19 21:30:16,488
2025-03-19 21:30:17,428
2025-03-19 21:30:18,365
2025-03-19 21:30:19,303
2025-03-19 21:30:20,244
2025-03-19 21:30:21,192
2025-03-19 21:30:22,148
2025-03-19 21:30:23,90.6
2025-03-19 21:30:24,81.0
2025-03-19 21:30:25,80.6
2025-03-19 21:30:26,84.0
2025-03-19 21:30:27,100
2025-03-19 21:30:28,129
2025-03-19 21:30:29,168
2025-03-19 21:30:30,216
2025-03-19 21:30:31,272
2025-03-19 21:30:32,332
2025-03-19 21:30:33,395
2025-03-19 21:30:34,457
2025-03-19 21:30:35,515
2025-03-19 21:30:36,568
2025-03-19 21:30:37,612
2025-03-19 21:30:38,647
2025-03-19 21:30:39,669
2025-03-19 21:30:40,679
2025-03-19 21:30:41,676
2025-03-19 21:30:42,660
2025-03-19 21:30:43,632
2025-03-19 21:30:44,592
2025-03-19 21:30:45,544
2025-03-19 21:30:46,488
2025-03-19 21:30:47,427
2025-03-19 21:30:48,365
2025-03-19 21:30:49,303
2025-03-19 21:30:50,244
2025-03-19 21:30:51,192
2025-03-19 21:30:52,148
2025-03-19 21:30:53,114
2025-03-19 21:30:54,91.0
2025-03-19 21:30:55,80.8
2025-03-19 21:30:56,84.1
2025-03-19 21:30:57,99.9
2025-03-19 21:30:58,129
2025-03-19 21:30:59,168
2025-03-19 21:31:00,216
2025-03-19 21:31:01,272
2025-03-19 21:31:02,333
2025-03-19 21:31:03,395
2025-03-19 21:31:04,457
2025-03-19 21:31:05,516
2025-03-19 21:31:06,568
2025-03-19 21:31:07,612
2025-03-19 21:31:08,647
2025-03-19 21:31:09,669
2025-03-19 21:31:10,679
2025-03-19 21:31:11,676
2025-03-19 21:31:12,660
2025-03-19 21:31:13,631
2025-03-19 21:31:14,593
2025-03-19 21:31:15,544
2025-03-19 21:31:16,488
2025-03-19 21:31:17,428
2025-03-19 21:31:18,365
2025-03-19 21:31:19,303
2025-03-19 21:31:20,245
2025-03-19 21:31:21,192
2025-03-19 21:31:22,147
2025-03-19 21:31:23,113
2025-03-19 21:31:24,90.9
2025-03-19 21:31:25,80.8
2025-03-19 21:31:26,83.9
2025-03-19 21:31:27,100
2025-03-19 21:31:28,128
2025-03-19 21:31:29,168
2025-03-19 21:31:30,217
2025-03-19 21:31:31,272
2025-03-19 21:31:32,333
2025-03-19 21:31:33,395
2025-03-19 21:31:34,458
2025-03-19 21:31:35,515
2025-03-19 21:31:36,568
2025-03-19 21:31:37,612
2025-03-19 21:31:38,647
2025-03-19 21:31:39,669
2025-03-19 21:31:40,679
2025-03-19 21:31:41,676
2025-03-19 21:31:42,660
2025-03-19 21:31:43,631
2025-03-19 21:31:44,592
2025-03-19 21:31:45,543
2025-03-19 21:31:46,488
2025-03-19 21:31:47,427
2025-03-19 21:31:48,365
2025-03-19 21:31:49,303
2025-03-19 21:31:50,245
2025-03-19 21:31:51,192
2025-03-19 21:31:52,113
2025-03-19 21:31:53,90.7
2025-03-19 21:31:54,80.9
2025-03-19 21:31:55,80.6
2025-03-19 21:31:56,83.9
2025-03-19 21:31:57,100
2025-03-19 21:31:58,128
2025-03-19 21:31:59,168
2025-03-19 21:32:00,216
2025-03-19 21:32:01,272
2025-03-19 21:32:02,333
2025-03-19 21:32:03,395
2025-03-19 21:32:04,457
2025-03-19 21:32:05,516
2025-03-19 21:32:06,568
2025-03-19 21:32:07,613
2025-03-19 21:32:08,647
2025-03-19 21:32:09,669
2025-03-19 21:32:10,679
2025-03-19 21:32:11,676
2025-03-19 21:32:12,660
2025-03-19 21:32:13,632
2025-03-19 21:32:14,592
2025-03-19 21:32:15,544
2025-03-19 21:32:16,488
2025-03-19 21:32:17,427
2025-03-19 21:32:18,365
2025-03-19 21:32:19,303
2025-03-19 21:32:20,248
2025-03-19 21:32:21,192
2025-03-19 21:32:22,147
2025-03-19 21:32:23,113
2025-03-19 21:32:24,90.7
2025-03-19 21:32:25,80.8
2025-03-19 21:32:26,84.0
2025-03-19 21:32:27,100
2025-03-19 21:32:28,129
2025-03-19 21:32:29,169
2025-03-19 21:32:30,216
2025-03-19 21:32:31,272
2025-03-19 21:32:32,333
2025-03-19 21:32:33,395
2025-03-19 21:32:34,457
2025-03-19 21:32:35,515
2025-03-19 21:32:36,569
2025-03-19 21:32:37,612
2025-03-19 21:32:38,647
2025-03-19 21:32:39,669
2025-03-19 21:32:40,679
2025-03-19 21:32:41,676
2025-03-19 21:32:42,660
2025-03-19 21:32:43,631
2025-03-19 21:32:44,592
2025-03-19 21:32:45,543
2025-03-19 21:32:46,488
2025-03-19 21:32:47,427
2025-03-19 21:32:48,365
2025-03-19 21:32:49,303
2025-03-19 21:32:50,244
2025-03-19 21:32:51,192
2025-03-19 21:32:52,147
2025-03-19 21:32:53,113
2025-03-19 21:32:54,90.7
2025-03-19 21:32:55,80.8
2025-03-19 21:32:56,84.0
2025-03-19 21:32:57,101
2025-03-19 21:32:58,129
2025-03-19 21:32:59,168
2025-03-19 21:33:00,216
2025-03-19 21:33:01,272
2025-03-19 21:33:02,333
2025-03-19 21:33:03,395
2025-03-19 21:33:04,457
2025-03-19 21:33:05,515
2025-03-19 21:33:06,569
2025-03-19 21:33:07,612
2025-03-19 21:33:08,647
2025-03-19 21:33:09,669
2025-03-19 21:33:10,679
2025-03-19 21:33:11,676
2025-03-19 21:33:12,660
2025-03-19 21:33:13,632
2025-03-19 21:33:14,592
2025-03-19 21:33:15,543
2025-03-19 21:33:16,488
2025-03-19 21:33:17,427
2025-03-19 21:33:18,365
2025-03-19 21:33:19,245
2025-03-19 21:33:20,192
2025-03-19 21:33:21,148
2025-03-19 21:33:22,148
2025-03-19 21:33:23,113
2025-03-19 21:33:24,91.0
2025-03-19 21:33:25,80.9
2025-03-19 21:33:26,84.7
2025-03-19 21:33:27,100
2025-03-19 21:33:28,129
2025-03-19 21:33:29,168
2025-03-19 21:33:30,217
2025-03-19 21:33:31,272
2025-03-19 21:33:32,333
2025-03-19 21:33:33,395
2025-03-19 21:33:34,457
2025-03-19 21:33:35,516
2025-03-19 21:33:36,569
2025-03-19 21:33:37,613
2025-03-19 21:33:38,647
2025-03-19 21:33:39,669
2025-03-19 21:33:40,679
2025-03-19 21:33:41,677
2025-03-19 21:33:42,660
2025-03-19 21:33:43,632
2025-03-19 21:33:44,592
2025-03-19 21:33:45,544
2025-03-19 21:33:46,488
2025-03-19 21:33:47,427
2025-03-19 21:33:48,365
2025-03-19 21:33:49,303
2025-03-19 21:33:50,244
2025-03-19 21:33:51,192
2025-03-19 21:33:52,148
2025-03-19 21:33:53,114
2025-03-19 21:33:54,91.2
2025-03-19 21:33:55,111
2025-03-19 21:33:56,84.5
2025-03-19 21:33:57,100
2025-03-19 21:33:58,129
2025-03-19 21:33:59,169
2025-03-19 21:34:00,217
2025-03-19 21:34:01,273
2025-03-19 21:34:02,333
2025-03-19 21:34:03,396
2025-03-19 21:34:04,458
2025-03-19 21:34:05,516
2025-03-19 21:34:06,568
2025-03-19 21:34:07,613
2025-03-19 21:34:08,648
2025-03-19 21:34:09,670
2025-03-19 21:34:10,679
2025-03-19 21:34:11,676
2025-03-19 21:34:12,660
2025-03-19 21:34:13,632
2025-03-19 21:34:14,593
2025-03-19 21:34:15,544
2025-03-19 21:34:16,489
2025-03-19 21:34:17,429
2025-03-19 21:34:18,365
2025-03-19 21:34:19,304
2025-03-19 21:34:20,246
2025-03-19 21:34:21,192
2025-03-19 21:34:22,149
2025-03-19 21:34:23,114
2025-03-19 21:34:24,91.4
2025-03-19 21:34:25,81.4
2025-03-19 21:34:26,85.0
2025-03-19 21:34:27,100
2025-03-19 21:34:28,129
2025-03-19 21:34:29,169
2025-03-19 21:34:30,217
2025-03-19 21:34:31,273
2025-03-19 21:34:32,334
2025-03-19 21:34:33,396
2025-03-19 21:34:34,457
2025-03-19 21:34:35,515
2025-03-19 21:34:36,568
2025-03-19 21:34:37,613
2025-03-19 21:34:38,650
2025-03-19 21:34:39,670
2025-03-19 21:34:40,680
2025-03-19 21:34:41,676
2025-03-19 21:34:42,660
2025-03-19 21:34:43,632
2025-03-19 21:34:44,592
2025-03-19 21:34:45,544
2025-03-19 21:34:46,489
2025-03-19 21:34:47,365
2025-03-19 21:34:48,304
2025-03-19 21:34:49,245
2025-03-19 21:34:50,192
2025-03-19 21:34:51,149
2025-03-19 21:34:52,114
2025-03-19 21:34:53,91.3
2025-03-19 21:34:54,81.4
2025-03-19 21:34:55,84.9
2025-03-19 21:34:56,100
2025-03-19 21:34:57,129
2025-03-19 21:34:58,129
2025-03-19 21:34:59,168
2025-03-19 21:35:00,217
2025-03-19 21:35:01,273
2025-03-19 21:35:02,333
2025-03-19 21:35:03,395
2025-03-19 21:35:04,457
2025-03-19 21:35:05,517
2025-03-19 21:35:06,568
2025-03-19 21:35:07,614
2025-03-19 21:35:08,647
2025-03-19 21:35:09,669
2025-03-19 21:35:10,679
2025-03-19 21:35:11,676
2025-03-19 21:35:12,661
2025-03-19 21:35:13,632
2025-03-19 21:35:14,593
2025-03-19 21:35:15,544
2025-03-19 21:35:16,489
2025-03-19 21:35:17,429
2025-03-19 21:35:18,365
2025-03-19 21:35:19,303
2025-03-19 21:35:20,245
2025-03-19 21:35:21,192
2025-03-19 21:35:22,148
2025-03-19 21:35:23,114
2025-03-19 21:35:24,91.3
2025-03-19 21:35:25,81.2
2025-03-19 21:35:26,84.3
2025-03-19 21:35:27,101
2025-03-19 21:35:28,129
2025-03-19 21:35:29,168
2025-03-19 21:35:30,217
2025-03-19 21:35:31,273
2025-03-19 21:35:32,334
2025-03-19 21:35:33,397
2025-03-19 21:35:34,458
2025-03-19 21:35:35,516
2025-03-19 21:35:36,568
2025-03-19 21:35:37,613
2025-03-19 21:35:38,647
2025-03-19 21:35:39,670
2025-03-19 21:35:40,679
2025-03-19 21:35:41,677
2025-03-19 21:35:42,661
2025-03-19 21:35:43,632
2025-03-19 21:35:44,592
2025-03-19 21:35:45,544
2025-03-19 21:35:46,489
2025-03-19 21:35:47,428
2025-03-19 21:35:48,365
2025-03-19 21:35:49,304
2025-03-19 21:35:50,245
2025-03-19 21:35:51,192
2025-03-19 21:35:52,148
2025-03-19 21:35:53,115
2025-03-19 21:35:54,91.7
2025-03-19 21:35:55,81.2
2025-03-19 21:35:56,84.4
2025-03-19 21:35:57,101
2025-03-19 21:35:58,130
2025-03-19 21:35:59,169
2025-03-19 21:36:00,217
2025-03-19 21:36:01,273
2025-03-19 21:36:02,333
2025-03-19 21:36:03,395
2025-03-19 21:36:04,458
2025-03-19 21:36:05,516
2025-03-19 21:36:06,568
2025-03-19 21:36:07,613
2025-03-19 21:36:08,647
2025-03-19 21:36:09,670
2025-03-19 21:36:10,679
2025-03-19 21:36:11,676
2025-03-19 21:36:12,661
2025-03-19 21:36:13,632
2025-03-19 21:36:14,593
2025-03-19 21:36:15,544
2025-03-19 21:36:16,488
2025-03-19 21:36:17,366
2025-03-19 21:36:18,304
2025-03-19 21:36:19,246
2025-03-19 21:36:20,192
2025-03-19 21:36:21,149
2025-03-19 21:36:22,114
2025-03-19 21:36:23,91.8
2025-03-19 21:36:24,81.4
2025-03-19 21:36:25,84.4
2025-03-19 21:36:26,101
2025-03-19 21:36:27,129
2025-03-19 21:36:28,168
2025-03-19 21:36:29,217
2025-03-19 21:36:30,272
2025-03-19 21:36:31,334
2025-03-19 21:36:32,397
2025-03-19 21:36:33,457
2025-03-19 21:36:34,516
2025-03-19 21:36:35,569
2025-03-19 21:36:36,613
2025-03-19 21:36:37,613
2025-03-19 21:36:38,649
2025-03-19 21:36:39,670
2025-03-19 21:36:40,679
2025-03-19 21:36:41,676
2025-03-19 21:36:42,660
2025-03-19 21:36:43,632
2025-03-19 21:36:44,594
2025-03-19 21:36:45,544
2025-03-19 21:36:46,489
2025-03-19 21:36:47,428
2025-03-19 21:36:48,365
2025-03-19 21:36:49,303
2025-03-19 21:36:50,245
2025-03-19 21:36:51,193
2025-03-19 21:36:52,148
2025-03-19 21:36:53,114
2025-03-19 21:36:54,91.3
2025-03-19 21:36:55,81.6
2025-03-19 21:36:56,84.5
2025-03-19 21:36:57,100
2025-03-19 21:36:58,129
2025-03-19 21:36:59,169
2025-03-19 21:37:00,217
2025-03-19 21:37:01,272
2025-03-19 21:37:02,333
2025-03-19 21:37:03,397
2025-03-19 21:37:04,458
2025-03-19 21:37:05,516
2025-03-19 21:37:06,568
2025-03-19 21:37:07,613
2025-03-19 21:37:08,647
2025-03-19 21:37:09,670
2025-03-19 21:37:10,679
2025-03-19 21:37:11,677
2025-03-19 21:37:12,661
2025-03-19 21:37:13,632
2025-03-19 21:37:14,593
2025-03-19 21:37:15,544
2025-03-19 21:37:16,489
2025-03-19 21:37:17,427
2025-03-19 21:37:18,365
2025-03-19 21:37:19,303
2025-03-19 21:37:20,245
2025-03-19 21:37:21,192
2025-03-19 21:37:22,148
2025-03-19 21:37:23,114
2025-03-19 21:37:24,91.1
2025-03-19 21:37:25,81.6
2025-03-19 21:37:26,84.4
2025-03-19 21:37:27,100
2025-03-19 21:37:28,129
2025-03-19 21:37:29,168
2025-03-19 21:37:30,217
2025-03-19 21:37:31,273
2025-03-19 21:37:32,333
2025-03-19 21:37:33,397
2025-03-19 21:37:34,457
2025-03-19 21:37:35,515
2025-03-19 21:37:36,568
2025-03-19 21:37:37,613
2025-03-19 21:37:38,647
2025-03-19 21:37:39,669
2025-03-19 21:37:40,680
2025-03-19 21:37:41,676
2025-03-19 21:37:42,660
2025-03-19 21:37:43,632
2025-03-19 21:37:44,592
2025-03-19 21:37:45,544
2025-03-19 21:37:46,428
2025-03-19 21:37:47,365
2025-03-19 21:37:48,303
2025-03-19 21:37:49,245
2025-03-19 21:37:50,196
2025-03-19 21:37:51,149
2025-03-19 21:37:52,113
2025-03-19 21:37:53,93.2
2025-03-19 21:37:54,82.1
2025-03-19 21:37:55,84.4
2025-03-19 21:37:56,100
2025-03-19 21:37:57,129
2025-03-19 21:37:58,169
2025-03-19 21:37:59,217
2025-03-19 21:38:00,272
2025-03-19 21:38:01,333
2025-03-19 21:38:02,395
2025-03-19 21:38:03,457
2025-03-19 21:38:04,515
2025-03-19 21:38:05,568
2025-03-19 21:38:06,613
2025-03-19 21:38:07,646
2025-03-19 21:38:08,669
2025-03-19 21:38:09,679
2025-03-19 21:38:10,676
2025-03-19 21:38:11,660
2025-03-19 21:38:12,632
2025-03-19 21:38:13,593
2025-03-19 21:38:14,544
2025-03-19 21:38:15,489
2025-03-19 21:38:16,489
2025-03-19 21:38:17,427
2025-03-19 21:38:18,365
2025-03-19 21:38:19,303
2025-03-19 21:38:20,245
2025-03-19 21:38:21,192
2025-03-19 21:38:22,148
2025-03-19 21:38:23,114
2025-03-19 21:38:24,90.9
2025-03-19 21:38:25,81.6
2025-03-19 21:38:26,84.7
2025-03-19 21:38:27,100
2025-03-19 21:38:28,129
2025-03-19 21:38:29,168
2025-03-19 21:38:30,217
2025-03-19 21:38:31,273
2025-03-19 21:38:32,333
2025-03-19 21:38:33,395
2025-03-19 21:38:34,458
2025-03-19 21:38:35,516
2025-03-19 21:38:36,568
2025-03-19 21:38:37,613
2025-03-19 21:38:38,647
2025-03-19 21:38:39,669
2025-03-19 21:38:41,681
2025-03-19 21:38:41,676
2025-03-19 21:38:42,660
2025-03-19 21:38:43,632
2025-03-19 21:38:44,593
2025-03-19 21:38:45,544
2025-03-19 21:38:46,488
2025-03-19 21:38:47,428
2025-03-19 21:38:48,365
2025-03-19 21:38:49,303
2025-03-19 21:38:50,245
2025-03-19 21:38:51,192
2025-03-19 21:38:52,148
2025-03-19 21:38:53,114
2025-03-19 21:38:54,91.1
2025-03-19 21:38:55,80.9
2025-03-19 21:38:56,84.2
2025-03-19 21:38:57,101
2025-03-19 21:38:58,129
2025-03-19 21:38:59,168
2025-03-19 21:39:00,216
2025-03-19 21:39:01,272
2025-03-19 21:39:02,333
2025-03-19 21:39:03,395
2025-03-19 21:39:04,457
2025-03-19 21:39:05,516
2025-03-19 21:39:06,569
2025-03-19 21:39:07,614
2025-03-19 21:39:08,647
2025-03-19 21:39:10,669
2025-03-19 21:39:11,680
2025-03-19 21:39:12,676
2025-03-19 21:39:13,661
2025-03-19 21:39:13,632
2025-03-19 21:39:14,593
2025-03-19 21:39:15,544
2025-03-19 21:39:16,427
2025-03-19 21:39:17,365
2025-03-19 21:39:18,303
2025-03-19 21:39:19,245
2025-03-19 21:39:20,192
2025-03-19 21:39:21,150
2025-03-19 21:39:22,115
2025-03-19 21:39:23,91.7
2025-03-19 21:39:24,81.1
2025-03-19 21:39:25,84.3
2025-03-19 21:39:26,101
2025-03-19 21:39:27,130
2025-03-19 21:39:28,169
2025-03-19 21:39:29,217
2025-03-19 21:39:30,272
2025-03-19 21:39:31,333
2025-03-19 21:39:32,396
2025-03-19 21:39:33,457
2025-03-19 21:39:34,517
2025-03-19 21:39:35,571
2025-03-19 21:39:36,614
2025-03-19 21:39:38,647
2025-03-19 21:39:39,670
2025-03-19 21:39:40,679
2025-03-19 21:39:41,676
2025-03-19 21:39:42,660
2025-03-19 21:39:43,633
2025-03-19 21:39:43,592
2025-03-19 21:39:44,544
2025-03-19 21:39:45,489
2025-03-19 21:39:46,428
2025-03-19 21:39:47,365
2025-03-19 21:39:48,303
2025-03-19 21:39:49,245
2025-03-19 21:39:50,192
2025-03-19 21:39:51,148
2025-03-19 21:39:52,114
2025-03-19 21:39:53,91.1
2025-03-19 21:39:54,81.0
2025-03-19 21:39:55,81.3
2025-03-19 21:39:56,84.9
2025-03-19 21:39:57,101
2025-03-19 21:39:58,131
2025-03-19 21:39:59,168
2025-03-19 21:40:00,217
2025-03-19 21:40:01,272
2025-03-19 21:40:02,333
2025-03-19 21:40:03,395
2025-03-19 21:40:04,457
2025-03-19 21:40:05,516
2025-03-19 21:40:06,568
2025-03-19 21:40:08,613
2025-03-19 21:40:09,647
2025-03-19 21:40:10,669
2025-03-19 21:40:11,680
2025-03-19 21:40:12,676
2025-03-19 21:40:13,661
2025-03-19 21:40:14,633
2025-03-19 21:40:14,593
2025-03-19 21:40:15,544
2025-03-19 21:40:16,489
2025-03-19 21:40:17,428
2025-03-19 21:40:18,365
2025-03-19 21:40:19,303
2025-03-19 21:40:20,246
2025-03-19 21:40:21,192
2025-03-19 21:40:22,149
2025-03-19 21:40:23,114
2025-03-19 21:40:24,91.2
2025-03-19 21:40:25,82.4
2025-03-19 21:40:26,85.4
2025-03-19 21:40:27,101
2025-03-19 21:40:28,129
2025-03-19 21:40:29,168
2025-03-19 21:40:30,217
2025-03-19 21:40:31,273
2025-03-19 21:40:32,333
2025-03-19 21:40:33,397
2025-03-19 21:40:34,457
2025-03-19 21:40:35,516
2025-03-19 21:40:36,569
2025-03-19 21:40:38,613
2025-03-19 21:40:39,647
2025-03-19 21:40:40,670
2025-03-19 21:40:41,680
2025-03-19 21:40:42,677
2025-03-19 21:40:43,660
2025-03-19 21:40:44,634
2025-03-19 21:40:45,593
2025-03-19 21:40:45,488
2025-03-19 21:40:46,428
2025-03-19 21:40:47,365
2025-03-19 21:40:48,303
2025-03-19 21:40:49,245
2025-03-19 21:40:50,194
2025-03-19 21:40:51,148
2025-03-19 21:40:52,113
2025-03-19 21:40:53,91.9
2025-03-19 21:40:54,82.0
2025-03-19 21:40:55,84.8
2025-03-19 21:40:56,101
2025-03-19 21:40:57,129
2025-03-19 21:40:58,168
2025-03-19 21:40:59,217
2025-03-19 21:41:00,272
2025-03-19 21:41:01,334
2025-03-19 21:41:02,396
2025-03-19 21:41:03,457
2025-03-19 21:41:04,516
2025-03-19 21:41:06,568
2025-03-19 21:41:07,613
2025-03-19 21:41:08,647
2025-03-19 21:41:09,669
2025-03-19 21:41:10,679
2025-03-19 21:41:11,676
2025-03-19 21:41:12,660
2025-03-19 21:41:13,632
2025-03-19 21:41:14,592
2025-03-19 21:41:14,544
2025-03-19 21:41:15,488
2025-03-19 21:41:16,428
2025-03-19 21:41:17,365
2025-03-19 21:41:18,303
2025-03-19 21:41:19,245
2025-03-19 21:41:20,192
2025-03-19 21:41:21,148
2025-03-19 21:41:22,113
2025-03-19 21:41:23,92.2
2025-03-19 21:41:24,81.0
2025-03-19 21:41:25,84.0
2025-03-19 21:41:26,101
2025-03-19 21:41:27,129
2025-03-19 21:41:28,168
2025-03-19 21:41:29,218
2025-03-19 21:41:30,216
2025-03-19 21:41:31,274
2025-03-19 21:41:32,333
2025-03-19 21:41:33,395
2025-03-19 21:41:34,458
2025-03-19 21:41:35,516
2025-03-19 21:41:37,568
2025-03-19 21:41:38,617
2025-03-19 21:41:39,647
2025-03-19 21:41:40,670
2025-03-19 21:41:41,679
2025-03-19 21:41:42,676
2025-03-19 21:41:43,660
2025-03-19 21:41:44,632
2025-03-19 21:41:45,592
2025-03-19 21:41:46,544
2025-03-19 21:41:46,488
2025-03-19 21:41:47,428
2025-03-19 21:41:48,365
2025-03-19 21:41:49,304
2025-03-19 21:41:50,245
2025-03-19 21:41:51,192
2025-03-19 21:41:52,148
2025-03-19 21:41:53,114
2025-03-19 21:41:54,91.1
2025-03-19 21:41:55,81.3
2025-03-19 21:41:56,87.8
2025-03-19 21:41:57,101
2025-03-19 21:41:58,129
2025-03-19 21:41:59,168
2025-03-19 21:42:00,219
2025-03-19 21:42:01,272
2025-03-19 21:42:02,333
2025-03-19 21:42:03,395
2025-03-19 21:42:04,457
2025-03-19 21:42:06,516
2025-03-19 21:42:07,568
2025-03-19 21:42:08,613
2025-03-19 21:42:09,647
2025-03-19 21:42:10,670
2025-03-19 21:42:11,679
2025-03-19 21:42:12,676
2025-03-19 21:42:13,660
2025-03-19 21:42:14,632
2025-03-19 21:42:15,593
2025-03-19 21:42:15,488
2025-03-19 21:42:16,428
2025-03-19 21:42:17,365
2025-03-19 21:42:18,303
2025-03-19 21:42:19,245
2025-03-19 21:42:20,192
2025-03-19 21:42:21,148
2025-03-19 21:42:22,114
2025-03-19 21:42:23,90.9
2025-03-19 21:42:24,81.0
2025-03-19 21:42:25,84.1
2025-03-19 21:42:26,99.9
2025-03-19 21:42:27,128
2025-03-19 21:42:28,168
2025-03-19 21:42:29,217
2025-03-19 21:42:30,273
2025-03-19 21:42:31,333
2025-03-19 21:42:32,395
2025-03-19 21:42:33,457
2025-03-19 21:42:35,516
2025-03-19 21:42:36,569
2025-03-19 21:42:37,613
2025-03-19 21:42:38,647
2025-03-19 21:42:39,669
2025-03-19 21:42:40,679
2025-03-19 21:42:41,676
2025-03-19 21:42:42,660
2025-03-19 21:42:43,633
2025-03-19 21:42:44,593
2025-03-19 21:42:45,544
2025-03-19 21:42:46,488
2025-03-19 21:42:46,428
2025-03-19 21:42:47,365
2025-03-19 21:42:48,303
2025-03-19 21:42:49,245
2025-03-19 21:42:50,192
2025-03-19 21:42:51,149
2025-03-19 21:42:52,114
2025-03-19 21:42:53,92.8
2025-03-19 21:42:54,81.9
2025-03-19 21:42:55,85.5
2025-03-19 21:42:56,102
2025-03-19 21:42:57,131
2025-03-19 21:42:58,168
2025-03-19 21:42:59,217
2025-03-19 21:43:00,272
2025-03-19 21:43:01,333
2025-03-19 21:43:02,397
2025-03-19 21:43:03,458
2025-03-19 21:43:05,515
2025-03-19 21:43:06,568
2025-03-19 21:43:07,613
2025-03-19 21:43:08,613
2025-03-19 21:43:09,647
2025-03-19 21:43:10,670
2025-03-19 21:43:11,680
2025-03-19 21:43:12,677
2025-03-19 21:43:13,660
2025-03-19 21:43:14,633
2025-03-19 21:43:15,592
2025-03-19 21:43:16,544
2025-03-19 21:43:17,488
2025-03-19 21:43:17,428
2025-03-19 21:43:18,365
2025-03-19 21:43:19,303
2025-03-19 21:43:20,245
2025-03-19 21:43:21,193
2025-03-19 21:43:22,148
2025-03-19 21:43:23,114
2025-03-19 21:43:24,91.5
2025-03-19 21:43:25,81.2
2025-03-19 21:43:26,84.6
2025-03-19 21:43:27,101
2025-03-19 21:43:28,130
2025-03-19 21:43:29,168
2025-03-19 21:43:30,217
2025-03-19 21:43:31,272
2025-03-19 21:43:32,333
2025-03-19 21:43:33,395
2025-03-19 21:43:35,457
2025-03-19 21:43:36,516
2025-03-19 21:43:37,569
2025-03-19 21:43:38,613
2025-03-19 21:43:39,647
2025-03-19 21:43:40,670
2025-03-19 21:43:41,680
2025-03-19 21:43:42,676
2025-03-19 21:43:43,660
2025-03-19 21:43:44,632
2025-03-19 21:43:45,544
2025-03-19 21:43:46,489
2025-03-19 21:43:46,428
2025-03-19 21:43:47,365
2025-03-19 21:43:48,304
2025-03-19 21:43:49,245
2025-03-19 21:43:50,192
2025-03-19 21:43:51,147
2025-03-19 21:43:52,115
2025-03-19 21:43:53,92.3
2025-03-19 21:43:54,82.8
2025-03-19 21:43:55,85.0
2025-03-19 21:43:56,100
2025-03-19 21:43:57,129
2025-03-19 21:43:58,168
2025-03-19 21:43:59,217
2025-03-19 21:44:00,272
2025-03-19 21:44:01,333
2025-03-19 21:44:02,396
2025-03-19 21:44:04,457
2025-03-19 21:44:05,516
2025-03-19 21:44:06,569
2025-03-19 21:44:07,614
2025-03-19 21:44:08,647
2025-03-19 21:44:09,671
2025-03-19 21:44:10,679
2025-03-19 21:44:11,676
2025-03-19 21:44:12,660
2025-03-19 21:44:13,633
2025-03-19 21:44:14,593
2025-03-19 21:44:15,545
2025-03-19 21:44:16,488
2025-03-19 21:44:17,429
2025-03-19 21:44:17,365
2025-03-19 21:44:18,304
2025-03-19 21:44:19,246
2025-03-19 21:44:20,193
2025-03-19 21:44:21,148
2025-03-19 21:44:22,114
2025-03-19 21:44:23,91.1
2025-03-19 21:44:24,81.3
2025-03-19 21:44:25,84.7
2025-03-19 21:44:26,101
2025-03-19 21:44:27,129
2025-03-19 21:44:28,168
2025-03-19 21:44:29,216
2025-03-19 21:44:30,272
2025-03-19 21:44:31,335
2025-03-19 21:44:32,395
2025-03-19 21:44:34,457
2025-03-19 21:44:35,516
2025-03-19 21:44:36,568
2025-03-19 21:44:37,613
2025-03-19 21:44:38,647
2025-03-19 21:44:39,670
2025-03-19 21:44:40,679
2025-03-19 21:44:41,677
2025-03-19 21:44:42,676
2025-03-19 21:44:43,661
2025-03-19 21:44:44,632
2025-03-19 21:44:45,592
2025-03-19 21:44:46,544
2025-03-19 21:44:47,489
2025-03-19 21:44:48,428
2025-03-19 21:44:48,365
2025-03-19 21:44:49,304
2025-03-19 21:44:50,245
2025-03-19 21:44:51,193
2025-03-19 21:44:52,148
2025-03-19 21:44:53,114
2025-03-19 21:44:54,91.2
2025-03-19 21:44:55,82.1
2025-03-19 21:44:56,84.7
2025-03-19 21:44:57,101
2025-03-19 21:44:58,129
2025-03-19 21:44:59,168
2025-03-19 21:45:00,217
2025-03-19 21:45:01,273
2025-03-19 21:45:02,333
2025-03-19 21:45:04,395
2025-03-19 21:45:05,457
2025-03-19 21:45:06,516
2025-03-19 21:45:07,569
2025-03-19 21:45:08,613
2025-03-19 21:45:09,648
2025-03-19 21:45:10,669
2025-03-19 21:45:11,681
2025-03-19 21:45:12,676
2025-03-19 21:45:13,660
2025-03-19 21:45:14,592
2025-03-19 21:45:15,544
2025-03-19 21:45:16,488
2025-03-19 21:45:17,428
2025-03-19 21:45:17,365
2025-03-19 21:45:18,304
2025-03-19 21:45:19,245
2025-03-19 21:45:20,192
2025-03-19 21:45:21,148
2025-03-19 21:45:22,114
2025-03-19 21:45:23,91.2
2025-03-19 21:45:24,80.7
2025-03-19 21:45:25,84.6
2025-03-19 21:45:26,101
2025-03-19 21:45:27,129
2025-03-19 21:45:28,168
2025-03-19 21:45:29,217
2025-03-19 21:45:30,272
2025-03-19 21:45:31,333
2025-03-19 21:45:33,396
2025-03-19 21:45:34,458
2025-03-19 21:45:35,517
2025-03-19 21:45:36,569
2025-03-19 21:45:37,613
2025-03-19 21:45:38,647
2025-03-19 21:45:39,669
2025-03-19 21:45:40,680
2025-03-19 21:45:41,676
2025-03-19 21:45:42,660
2025-03-19 21:45:43,634
2025-03-19 21:45:44,592
2025-03-19 21:45:45,544
2025-03-19 21:45:46,488
2025-03-19 21:45:47,428
2025-03-19 21:45:48,365
2025-03-19 21:45:48,303
2025-03-19 21:45:49,246
2025-03-19 21:45:50,192
2025-03-19 21:45:51,148
2025-03-19 21:45:52,114
2025-03-19 21:45:53,92.5
2025-03-19 21:45:54,81.3
2025-03-19 21:45:55,84.3
2025-03-19 21:45:56,100
2025-03-19 21:45:57,129
2025-03-19 21:45:58,168
2025-03-19 21:45:59,217
2025-03-19 21:46:00,273
2025-03-19 21:46:01,333
2025-03-19 21:46:03,397
2025-03-19 21:46:04,458
2025-03-19 21:46:05,516
2025-03-19 21:46:06,569
2025-03-19 21:46:07,613
2025-03-19 21:46:08,649
2025-03-19 21:46:09,670
2025-03-19 21:46:10,679
2025-03-19 21:46:11,676
2025-03-19 21:46:12,661
2025-03-19 21:46:13,632
2025-03-19 21:46:14,593
2025-03-19 21:46:15,544
2025-03-19 21:46:16,544
2025-03-19 21:46:17,489
2025-03-19 21:46:18,428
2025-03-19 21:46:19,365
2025-03-19 21:46:20,366
2025-03-19 21:46:21,365
2025-03-19 21:46:22,365
2025-03-19 21:46:23,366
2025-03-19 21:46:24,366
2025-03-19 21:46:25,365
2025-03-19 21:46:26,365
2025-03-19 21:46:27,366
2025-03-19 21:46:28,365
2025-03-19 21:46:29,365
2025-03-19 21:46:30,365
2025-03-19 21:46:31,365
2025-03-19 21:46:32,365
2025-03-19 21:46:33,365
2025-03-19 21:46:34,366
2025-03-19 21:46:35,365
2025-03-19 21:46:36,365
2025-03-19 21:46:37,366
2025-03-19 21:46:38,365
2025-03-19 21:46:39,366
2025-03-19 21:46:40,366
2025-03-19 21:46:41,365
2025-03-19 21:46:42,365
2025-03-19 21:46:43,366
2025-03-19 21:46:44,366
2025-03-19 21:46:45,365
2025-03-19 21:46:46,365
2025-03-19 21:46:47,365
2025-03-19 21:46:48,365
2025-03-19 21:46:49,365
2025-03-19 21:46:50,365
2025-03-19 21:46:51,365
2025-03-19 21:46:52,365
2025-03-19 21:46:53,365
2025-03-19 21:46:54,365
2025-03-19 21:46:55,365
2025-03-19 21:46:56,365
2025-03-19 21:46:57,365
2025-03-19 21:46:58,365
2025-03-19 21:46:59,365
2025-03-19 21:47:00,365
2025-03-19 21:47:01,365
2025-03-19 21:47:02,365
2025-03-19 21:47:03,365
2025-03-19 21:47:04,365
2025-03-19 21:47:05,365
2025-03-19 21:47:06,366
2025-03-19 21:47:07,365
2025-03-19 21:47:08,365
2025-03-19 21:47:09,365
2025-03-19 21:47:10,366
2025-03-19 21:47:11,365
2025-03-19 21:47:12,365
2025-03-19 21:47:13,366
2025-03-19 21:47:14,365
2025-03-19 21:47:15,365
2025-03-19 21:47:16,366
2025-03-19 21:47:17,365
2025-03-19 21:47:18,365
2025-03-19 21:47:19,365
2025-03-19 21:47:20,365
2025-03-19 21:47:21,366
2025-03-19 21:47:22,365
2025-03-19 21:47:23,365
2025-03-19 21:47:24,365
2025-03-19 21:47:25,365
2025-03-19 21:47:26,365
2025-03-19 21:47:27,365
2025-03-19 21:47:28,366
2025-03-19 21:47:29,365
2025-03-19 21:47:30,366
2025-03-19 21:47:31,365
2025-03-19 21:47:32,365
2025-03-19 21:47:33,365
2025-03-19 21:47:34,365
2025-03-19 21:47:35,365
2025-03-19 21:47:36,365
2025-03-19 21:47:37,365
2025-03-19 21:47:38,365
2025-03-19 21:47:39,365
2025-03-19 21:47:40,365
2025-03-19 21:47:41,365
2025-03-19 21:47:42,365
2025-03-19 21:47:43,365
2025-03-19 21:47:44,365
2025-03-19 21:47:45,368
2025-03-19 21:47:46,365
2025-03-19 21:47:47,365
2025-03-19 21:47:48,366
2025-03-19 21:47:49,365
2025-03-19 21:47:50,365
2025-03-19 21:47:51,365
2025-03-19 21:47:52,365
2025-03-19 21:47:53,366
2025-03-19 21:47:54,365
2025-03-19 21:47:55,365
2025-03-19 21:47:56,365
2025-03-19 21:47:57,365
2025-03-19 21:47:58,365
2025-03-19 21:47:59,365
2025-03-19 21:48:00,365
2025-03-19 21:48:01,365
2025-03-19 21:48:02,366
2025-03-19 21:48:03,366
2025-03-19 21:48:04,365
2025-03-19 21:48:05,365
2025-03-19 21:48:06,365
2025-03-19 21:48:07,365
2025-03-19 21:48:08,365
2025-03-19 21:48:09,365
2025-03-19 21:48:10,365
